#
# There is insufficient memory for the Java Runtime Environment to continue.
# Native memory allocation (mmap) failed to map 578813952 bytes for G1 virtual space
# Possible reasons:
#   The system is out of physical RAM or swap space
#   The process is running with CompressedOops enabled, and the Java Heap may be blocking the growth of the native heap
# Possible solutions:
#   Reduce memory load on the system
#   Increase physical memory or swap space
#   Check if swap backing store is full
#   Decrease Java heap size (-Xmx/-Xms)
#   Decrease number of Java threads
#   Decrease Java thread stack sizes (-Xss)
#   Set larger code cache with -XX:ReservedCodeCacheSize=
#   JVM is running with Zero Based Compressed Oops mode in which the Java heap is
#     placed in the first 32GB address space. The Java Heap base address is the
#     maximum limit for the native heap growth. Please use -XX:HeapBaseMinAddress
#     to set the Java Heap base and to place the Java Heap above 32GB virtual address.
# This output file may be truncated or incomplete.
#
#  Out of Memory Error (os_windows.cpp:3548), pid=2776, tid=10564
#
# JRE version: Java(TM) SE Runtime Environment (17.0.12+8) (build 17.0.12+8-LTS-286)
# Java VM: Java HotSpot(TM) 64-Bit Server VM (17.0.12+8-LTS-286, mixed mode, emulated-client, sharing, tiered, compressed oops, compressed class ptrs, g1 gc, windows-amd64)
# No core dump will be written. Minidumps are not enabled by default on client versions of Windows
#

---------------  S U M M A R Y ------------

Command Line: -XX:TieredStopAtLevel=1 -Dspring.output.ansi.enabled=always -Dcom.sun.management.jmxremote -Dspring.jmx.enabled=true -Dspring.liveBeansView.mbeanDomain -Dspring.application.admin.enabled=true -Dmanagement.endpoints.jmx.exposure.include=* -javaagent:D:\Software\idea\IntelliJ IDEA 2024.2.6\lib\idea_rt.jar=56593 -Dfile.encoding=UTF-8 com.robod.flowchat.FlowChatApplication

Host: Intel(R) Core(TM) i7-10750H CPU @ 2.60GHz, 12 cores, 31G,  Windows 11 , 64 bit Build 26100 (10.0.26100.4741)
Time: Mon Jul 28 15:07:37 2025  Windows 11 , 64 bit Build 26100 (10.0.26100.4741) elapsed time: 1206.678601 seconds (0d 0h 20m 6s)

---------------  T H R E A D  ---------------

Current thread (0x0000013333203ae0):  VMThread "VM Thread" [stack: 0x0000002112500000,0x0000002112600000] [id=10564]

Stack: [0x0000002112500000,0x0000002112600000]
Native frames: (J=compiled Java code, j=interpreted, Vv=VM code, C=native code)
V  [jvm.dll+0x67a04a]
V  [jvm.dll+0x7da4ed]
V  [jvm.dll+0x7dbe33]
V  [jvm.dll+0x7dc4a3]
V  [jvm.dll+0x24508f]
V  [jvm.dll+0x677089]
V  [jvm.dll+0x66bd32]
V  [jvm.dll+0x301fa6]
V  [jvm.dll+0x309546]
V  [jvm.dll+0x359d2e]
V  [jvm.dll+0x359f5f]
V  [jvm.dll+0x2d9078]
V  [jvm.dll+0x2d74ad]
V  [jvm.dll+0x2d6afc]
V  [jvm.dll+0x31a65b]
V  [jvm.dll+0x7e0d9b]
V  [jvm.dll+0x7e1ad4]
V  [jvm.dll+0x7e1fed]
V  [jvm.dll+0x7e23c4]
V  [jvm.dll+0x7e2490]
V  [jvm.dll+0x78abea]
V  [jvm.dll+0x678f35]
C  [ucrtbase.dll+0x37b0]
C  [KERNEL32.DLL+0x2e8d7]
C  [ntdll.dll+0x128dc]

VM_Operation (0x00000021203fd700): G1CollectForAllocation, mode: safepoint, requested by thread 0x000001337da07ce0


---------------  P R O C E S S  ---------------

Threads class SMR info:
_java_thread_list=0x000001337d8dc8f0, length=231, elements={
0x000001333320b110, 0x000001333320c840, 0x000001337709aca0, 0x000001337709b860,
0x00000133770a0fb0, 0x00000133770a5500, 0x00000133770a7a00, 0x00000133770b4f00,
0x000001337718d950, 0x0000013377725370, 0x000001337771efa0, 0x00000133778412b0,
0x0000013377990a60, 0x0000013377b32f10, 0x000001337c8e0850, 0x000001337c8e0340,
0x000001337c8e1270, 0x000001337c8dfe30, 0x000001337c8ddfd0, 0x000001337c8e1c90,
0x000001337c8de4e0, 0x000001337c8e21a0, 0x000001337c8de9f0, 0x000001337c8def00,
0x000001337c8e2bc0, 0x000001337c8df410, 0x000001337c8e4000, 0x000001337c8e5950,
0x000001337c8e4a20, 0x000001337c8e35e0, 0x000001337c8e3af0, 0x000001337c8e5440,
0x000001337c8e30d0, 0x000001337c34b630, 0x000001337749a060, 0x000001337749d810,
0x000001337749c8e0, 0x000001337749b4a0, 0x000001337749af90, 0x000001337749c3d0,
0x000001337749e230, 0x000001337749aa80, 0x00000133774a0090, 0x00000133774a0ab0,
0x000001337da0c740, 0x000001337da0cc50, 0x000001337da052b0, 0x000001337da0bd20,
0x000001337da0fd40, 0x000001337da057c0, 0x000001337da066f0, 0x000001337da0b300,
0x000001337749f670, 0x000001337749ec50, 0x000001337da06c00, 0x000001337749e740,
0x000001337da092e0, 0x000001337da0c230, 0x00000133774a14d0, 0x000001337da0f320,
0x000001337749f160, 0x000001337da072c0, 0x000001337de2ce10, 0x000001337da032a0,
0x000001337de2d320, 0x000001337749fb80, 0x00000133774a05a0, 0x000001337da11850,
0x000001337de2e250, 0x00000133774a0fc0, 0x000001337d98c5b0, 0x000001337d98d4e0,
0x000001337d98cfd0, 0x000001337da077d0, 0x00000133774a19e0, 0x000001337df25a70,
0x000001337df25f80, 0x000001337de2c900, 0x000001337df2b8e0, 0x000001337da097f0,
0x000001337df26eb0, 0x000001337de2d830, 0x000001337da0ec60, 0x000001337d98cac0,
0x000001337c9612c0, 0x000001337d98f850, 0x000001337de2dd40, 0x000001337da01cb0,
0x000001337df25560, 0x000001337da11d60, 0x000001337da0f830, 0x000001337c97d930,
0x000001337c97de40, 0x000001337da017a0, 0x000001337df269a0, 0x000001337c97bfe0,
0x000001337d98df00, 0x000001337d98d9f0, 0x000001337da0dd30, 0x000001337da021c0,
0x000001337df273c0, 0x000001337c9617d0, 0x000001337da0e240, 0x000001337c91f890,
0x000001337c922860, 0x000001337c97c4f0, 0x000001337df278d0, 0x000001337d98e920,
0x000001337da12270, 0x000001337c95f970, 0x000001337df28b50, 0x000001337da0d310,
0x000001337da12780, 0x000001337c97d420, 0x000001337df28130, 0x000001337d98ee30,
0x000001337c97e350, 0x000001337e665180, 0x000001337da12c90, 0x000001337df29570,
0x000001337e664250, 0x000001337df24120, 0x000001337c960db0, 0x000001337c95e020,
0x000001337c95ef50, 0x000001337d98f340, 0x000001337df2aec0, 0x000001337da037b0,
0x000001337c97e860, 0x000001337da11340, 0x000001337df24b40, 0x000001337c95e530,
0x000001337c9608a0, 0x000001337c9250e0, 0x000001337e663d40, 0x000001337e664760,
0x000001337e664c70, 0x000001337df2b3d0, 0x000001337da0d820, 0x000001337c921930,
0x000001337e6b1ff0, 0x000001337da04bf0, 0x000001337da0e750, 0x000001337df25050,
0x000001337df2a4a0, 0x000001337e6ab680, 0x000001337e6aa750, 0x000001337e9c6290,
0x000001337da03cc0, 0x000001337c97b0b0, 0x000001337df29a80, 0x000001337e6ad4e0,
0x000001337e6abb90, 0x000001337da01290, 0x000001337c95ea40, 0x000001337da041d0,
0x000001337e9c5870, 0x000001337e6b15d0, 0x000001337e6ac5b0, 0x000001337df29060,
0x000001337c95fe80, 0x000001337c97b5c0, 0x000001337e9c71c0, 0x000001337e9c8600,
0x000001337da046e0, 0x000001337c00b130, 0x000001337e6b2500, 0x000001337c91ee70,
0x000001337e9c6cb0, 0x000001337c00bb50, 0x000001337c960390, 0x000001337e663830,
0x000001337e6aed50, 0x000001337c00d4a0, 0x000001337df26490, 0x000001337e6b10c0,
0x000001337c95f460, 0x000001337e9c76d0, 0x000001337e6afc80, 0x000001337da02be0,
0x000001337da026d0, 0x000001337d9e32b0, 0x000001337e6acac0, 0x000001337da061e0,
0x000001337c91e450, 0x000001337c91f380, 0x000001337da05cd0, 0x000001337e6ab170,
0x000001337d9e1e70, 0x000001337e6af260, 0x000001337e6a9d30, 0x000001337c9202b0,
0x000001337c91df40, 0x000001337e9c7be0, 0x000001337da09d00, 0x00000133779cb470,
0x000001337df29f90, 0x000001337c91da30, 0x000001337e6aa240, 0x000001337df2a9b0,
0x000001337e6b0190, 0x000001337c9207c0, 0x000001337e6acfd0, 0x000001337c920cd0,
0x000001337749b9b0, 0x000001337da0b810, 0x000001337c91d520, 0x000001337e6af770,
0x000001337749d300, 0x0000013377138570, 0x000001337db14300, 0x000001337da07ce0,
0x000001337e6aac60, 0x000001337dc1ed00, 0x000001337dc1b550, 0x000001337713adf0,
0x00000133779caf60, 0x000001337e6b06a0, 0x000001337e6b0bb0, 0x000001337c97bad0,
0x000001337db14810, 0x000001337e6b1ae0, 0x000001337749cdf0, 0x000001337db11570,
0x000001337db11a80, 0x000001337c97ca00, 0x000001337c922350, 0x000001337e9c67a0,
0x000001337c9246c0, 0x000001337c9241b0, 0x000001337e6ac0a0
}

Java Threads: ( => current thread )
  0x000001333320b110 JavaThread "Reference Handler" daemon [_thread_blocked, id=13132, stack(0x0000002112600000,0x0000002112700000)]
  0x000001333320c840 JavaThread "Finalizer" daemon [_thread_blocked, id=40748, stack(0x0000002112700000,0x0000002112800000)]
  0x000001337709aca0 JavaThread "Signal Dispatcher" daemon [_thread_blocked, id=40624, stack(0x0000002112800000,0x0000002112900000)]
  0x000001337709b860 JavaThread "Attach Listener" daemon [_thread_blocked, id=13928, stack(0x0000002112900000,0x0000002112a00000)]
  0x00000133770a0fb0 JavaThread "Service Thread" daemon [_thread_blocked, id=35660, stack(0x0000002112a00000,0x0000002112b00000)]
  0x00000133770a5500 JavaThread "Monitor Deflation Thread" daemon [_thread_blocked, id=26188, stack(0x0000002112b00000,0x0000002112c00000)]
  0x00000133770a7a00 JavaThread "C1 CompilerThread0" daemon [_thread_blocked, id=33148, stack(0x0000002112c00000,0x0000002112d00000)]
  0x00000133770b4f00 JavaThread "Sweeper thread" daemon [_thread_blocked, id=32596, stack(0x0000002112d00000,0x0000002112e00000)]
  0x000001337718d950 JavaThread "Common-Cleaner" daemon [_thread_blocked, id=40164, stack(0x0000002112e00000,0x0000002112f00000)]
  0x0000013377725370 JavaThread "Monitor Ctrl-Break" daemon [_thread_in_native, id=25372, stack(0x0000002113200000,0x0000002113300000)]
  0x000001337771efa0 JavaThread "Notification Thread" daemon [_thread_blocked, id=42776, stack(0x0000002113300000,0x0000002113400000)]
  0x00000133778412b0 JavaThread "RMI TCP Accept-0" daemon [_thread_in_native, id=40008, stack(0x0000002113400000,0x0000002113500000)]
  0x0000013377990a60 JavaThread "RMI Scheduler(0)" daemon [_thread_blocked, id=36868, stack(0x0000002113700000,0x0000002113800000)]
  0x0000013377b32f10 JavaThread "JMX server connection timeout 20" daemon [_thread_blocked, id=28020, stack(0x0000002113800000,0x0000002113900000)]
  0x000001337c8e0850 JavaThread "qtp2062888647-27" [_thread_blocked, id=41292, stack(0x0000002114700000,0x0000002114800000)]
  0x000001337c8e0340 JavaThread "qtp2062888647-29" [_thread_blocked, id=42908, stack(0x0000002114900000,0x0000002114a00000)]
  0x000001337c8e1270 JavaThread "qtp2062888647-30" [_thread_blocked, id=27400, stack(0x0000002114a00000,0x0000002114b00000)]
  0x000001337c8dfe30 JavaThread "qtp2062888647-31" [_thread_blocked, id=37472, stack(0x0000002114b00000,0x0000002114c00000)]
  0x000001337c8ddfd0 JavaThread "qtp2062888647-33-acceptor-0@24d0d7ef-ServerConnector@2a173d05{HTTP/1.1, (http/1.1)}{0.0.0.0:8080}" [_thread_blocked, id=36216, stack(0x0000002114d00000,0x0000002114e00000)]
  0x000001337c8e1c90 JavaThread "qtp2062888647-34" [_thread_blocked, id=35640, stack(0x0000002114e00000,0x0000002114f00000)]
  0x000001337c8de4e0 JavaThread "Scheduler-1374664497-1" [_thread_blocked, id=25444, stack(0x0000002114f00000,0x0000002115000000)]
  0x000001337c8e21a0 JavaThread "lettuce-timer-3-1" daemon [_thread_blocked, id=35396, stack(0x0000002115000000,0x0000002115100000)]
  0x000001337c8de9f0 JavaThread "mysql-cj-abandoned-connection-cleanup" daemon [_thread_blocked, id=33988, stack(0x0000002115100000,0x0000002115200000)]
  0x000001337c8def00 JavaThread "DestroyJavaVM" [_thread_blocked, id=31636, stack(0x0000002111f00000,0x0000002112000000)]
  0x000001337c8e2bc0 JavaThread "qtp2062888647-46" [_thread_blocked, id=31600, stack(0x0000002113000000,0x0000002113100000)]
  0x000001337c8df410 JavaThread "qtp2062888647-48" [_thread_blocked, id=42632, stack(0x0000002113100000,0x0000002113200000)]
  0x000001337c8e4000 JavaThread "qtp2062888647-47" [_thread_blocked, id=36024, stack(0x0000002115200000,0x0000002115300000)]
  0x000001337c8e5950 JavaThread "qtp2062888647-49" [_thread_blocked, id=41624, stack(0x0000002115300000,0x0000002115400000)]
  0x000001337c8e4a20 JavaThread "qtp2062888647-50" [_thread_blocked, id=16524, stack(0x0000002115400000,0x0000002115500000)]
  0x000001337c8e35e0 JavaThread "qtp2062888647-52" [_thread_blocked, id=40600, stack(0x0000002115600000,0x0000002115700000)]
  0x000001337c8e3af0 JavaThread "qtp2062888647-54" [_thread_blocked, id=36460, stack(0x0000002115800000,0x0000002115900000)]
  0x000001337c8e5440 JavaThread "qtp2062888647-55" [_thread_blocked, id=39420, stack(0x0000002115900000,0x0000002115a00000)]
  0x000001337c8e30d0 JavaThread "qtp2062888647-56" [_thread_blocked, id=3080, stack(0x0000002115a00000,0x0000002115b00000)]
  0x000001337c34b630 JavaThread "qtp2062888647-57" [_thread_blocked, id=40764, stack(0x0000002115b00000,0x0000002115c00000)]
  0x000001337749a060 JavaThread "qtp2062888647-58" [_thread_blocked, id=37932, stack(0x0000002115c00000,0x0000002115d00000)]
  0x000001337749d810 JavaThread "qtp2062888647-61" [_thread_blocked, id=39548, stack(0x0000002115f00000,0x0000002116000000)]
  0x000001337749c8e0 JavaThread "qtp2062888647-62" [_thread_blocked, id=37388, stack(0x0000002116000000,0x0000002116100000)]
  0x000001337749b4a0 JavaThread "qtp2062888647-63" [_thread_blocked, id=34832, stack(0x0000002116100000,0x0000002116200000)]
  0x000001337749af90 JavaThread "qtp2062888647-64" [_thread_blocked, id=9912, stack(0x0000002116200000,0x0000002116300000)]
  0x000001337749c3d0 JavaThread "qtp2062888647-65" [_thread_blocked, id=15536, stack(0x0000002116300000,0x0000002116400000)]
  0x000001337749e230 JavaThread "qtp2062888647-70" [_thread_blocked, id=27196, stack(0x0000002116800000,0x0000002116900000)]
  0x000001337749aa80 JavaThread "qtp2062888647-71" [_thread_blocked, id=22436, stack(0x0000002116900000,0x0000002116a00000)]
  0x00000133774a0090 JavaThread "qtp2062888647-72" [_thread_blocked, id=23416, stack(0x0000002116a00000,0x0000002116b00000)]
  0x00000133774a0ab0 JavaThread "qtp2062888647-73" [_thread_blocked, id=10056, stack(0x0000002116b00000,0x0000002116c00000)]
  0x000001337da0c740 JavaThread "qtp2062888647-74" [_thread_blocked, id=40284, stack(0x0000002116c00000,0x0000002116d00000)]
  0x000001337da0cc50 JavaThread "qtp2062888647-75" [_thread_blocked, id=32752, stack(0x0000002116d00000,0x0000002116e00000)]
  0x000001337da052b0 JavaThread "qtp2062888647-78" [_thread_blocked, id=3760, stack(0x0000002117200000,0x0000002117300000)]
  0x000001337da0bd20 JavaThread "qtp2062888647-79" [_thread_blocked, id=42216, stack(0x0000002117300000,0x0000002117400000)]
  0x000001337da0fd40 JavaThread "qtp2062888647-81" [_thread_blocked, id=21940, stack(0x0000002117500000,0x0000002117600000)]
  0x000001337da057c0 JavaThread "qtp2062888647-82" [_thread_blocked, id=40776, stack(0x0000002117600000,0x0000002117700000)]
  0x000001337da066f0 JavaThread "qtp2062888647-83" [_thread_blocked, id=40968, stack(0x0000002117700000,0x0000002117800000)]
  0x000001337da0b300 JavaThread "qtp2062888647-85" [_thread_blocked, id=38372, stack(0x0000002117800000,0x0000002117900000)]
  0x000001337749f670 JavaThread "qtp2062888647-84" [_thread_blocked, id=1780, stack(0x0000002117900000,0x0000002117a00000)]
  0x000001337749ec50 JavaThread "qtp2062888647-86" [_thread_blocked, id=6192, stack(0x0000002117a00000,0x0000002117b00000)]
  0x000001337da06c00 JavaThread "qtp2062888647-87" [_thread_blocked, id=16244, stack(0x0000002117b00000,0x0000002117c00000)]
  0x000001337749e740 JavaThread "qtp2062888647-88" [_thread_blocked, id=39864, stack(0x0000002117c00000,0x0000002117d00000)]
  0x000001337da092e0 JavaThread "qtp2062888647-90" [_thread_blocked, id=31816, stack(0x0000002117e00000,0x0000002117f00000)]
  0x000001337da0c230 JavaThread "qtp2062888647-92" [_thread_blocked, id=3272, stack(0x0000002117f00000,0x0000002118000000)]
  0x00000133774a14d0 JavaThread "qtp2062888647-91" [_thread_blocked, id=17852, stack(0x0000002118000000,0x0000002118100000)]
  0x000001337da0f320 JavaThread "qtp2062888647-93" [_thread_blocked, id=2028, stack(0x0000002118100000,0x0000002118200000)]
  0x000001337749f160 JavaThread "qtp2062888647-94" [_thread_blocked, id=29116, stack(0x0000002118200000,0x0000002118300000)]
  0x000001337da072c0 JavaThread "qtp2062888647-95" [_thread_blocked, id=40160, stack(0x0000002118300000,0x0000002118400000)]
  0x000001337de2ce10 JavaThread "qtp2062888647-96" [_thread_blocked, id=23752, stack(0x0000002118400000,0x0000002118500000)]
  0x000001337da032a0 JavaThread "qtp2062888647-97" [_thread_blocked, id=14120, stack(0x0000002118500000,0x0000002118600000)]
  0x000001337de2d320 JavaThread "qtp2062888647-98" [_thread_blocked, id=13556, stack(0x0000002118600000,0x0000002118700000)]
  0x000001337749fb80 JavaThread "qtp2062888647-99" [_thread_blocked, id=34912, stack(0x0000002118700000,0x0000002118800000)]
  0x00000133774a05a0 JavaThread "qtp2062888647-100" [_thread_blocked, id=34500, stack(0x0000002118800000,0x0000002118900000)]
  0x000001337da11850 JavaThread "qtp2062888647-101" [_thread_blocked, id=37824, stack(0x0000002118900000,0x0000002118a00000)]
  0x000001337de2e250 JavaThread "qtp2062888647-102" [_thread_blocked, id=39284, stack(0x0000002118a00000,0x0000002118b00000)]
  0x00000133774a0fc0 JavaThread "qtp2062888647-105" [_thread_blocked, id=32312, stack(0x0000002118d00000,0x0000002118e00000)]
  0x000001337d98c5b0 JavaThread "qtp2062888647-106" [_thread_blocked, id=29100, stack(0x0000002118e00000,0x0000002118f00000)]
  0x000001337d98d4e0 JavaThread "qtp2062888647-107" [_thread_blocked, id=38004, stack(0x0000002118f00000,0x0000002119000000)]
  0x000001337d98cfd0 JavaThread "qtp2062888647-108" [_thread_blocked, id=32360, stack(0x0000002119000000,0x0000002119100000)]
  0x000001337da077d0 JavaThread "qtp2062888647-109" [_thread_blocked, id=34840, stack(0x0000002119100000,0x0000002119200000)]
  0x00000133774a19e0 JavaThread "qtp2062888647-110" [_thread_blocked, id=35512, stack(0x0000002119200000,0x0000002119300000)]
  0x000001337df25a70 JavaThread "qtp2062888647-111" [_thread_blocked, id=12944, stack(0x0000002119300000,0x0000002119400000)]
  0x000001337df25f80 JavaThread "qtp2062888647-112" [_thread_blocked, id=25284, stack(0x0000002119400000,0x0000002119500000)]
  0x000001337de2c900 JavaThread "qtp2062888647-113" [_thread_blocked, id=33320, stack(0x0000002119500000,0x0000002119600000)]
  0x000001337df2b8e0 JavaThread "qtp2062888647-114" [_thread_blocked, id=21208, stack(0x0000002119600000,0x0000002119700000)]
  0x000001337da097f0 JavaThread "qtp2062888647-115" [_thread_blocked, id=21460, stack(0x0000002119700000,0x0000002119800000)]
  0x000001337df26eb0 JavaThread "qtp2062888647-116" [_thread_blocked, id=40016, stack(0x0000002119800000,0x0000002119900000)]
  0x000001337de2d830 JavaThread "qtp2062888647-117" [_thread_blocked, id=27960, stack(0x0000002119900000,0x0000002119a00000)]
  0x000001337da0ec60 JavaThread "lettuce-nioEventLoop-4-1" daemon [_thread_in_native, id=28832, stack(0x0000002119a00000,0x0000002119b00000)]
  0x000001337d98cac0 JavaThread "qtp2062888647-119" [_thread_blocked, id=32428, stack(0x0000002119b00000,0x0000002119c00000)]
  0x000001337c9612c0 JavaThread "qtp2062888647-120" [_thread_blocked, id=35220, stack(0x0000002119e00000,0x0000002119f00000)]
  0x000001337d98f850 JavaThread "qtp2062888647-122" [_thread_blocked, id=33112, stack(0x0000002119f00000,0x000000211a000000)]
  0x000001337de2dd40 JavaThread "qtp2062888647-123" [_thread_blocked, id=10424, stack(0x000000211a000000,0x000000211a100000)]
  0x000001337da01cb0 JavaThread "qtp2062888647-124" [_thread_blocked, id=11752, stack(0x000000211a100000,0x000000211a200000)]
  0x000001337df25560 JavaThread "qtp2062888647-125" [_thread_blocked, id=33576, stack(0x000000211a200000,0x000000211a300000)]
  0x000001337da11d60 JavaThread "qtp2062888647-126" [_thread_blocked, id=1968, stack(0x000000211a300000,0x000000211a400000)]
  0x000001337da0f830 JavaThread "qtp2062888647-127" [_thread_blocked, id=11788, stack(0x000000211a400000,0x000000211a500000)]
  0x000001337c97d930 JavaThread "qtp2062888647-128" [_thread_blocked, id=2876, stack(0x000000211a500000,0x000000211a600000)]
  0x000001337c97de40 JavaThread "qtp2062888647-129" [_thread_blocked, id=35428, stack(0x000000211a600000,0x000000211a700000)]
  0x000001337da017a0 JavaThread "qtp2062888647-131" [_thread_blocked, id=26412, stack(0x000000211a700000,0x000000211a800000)]
  0x000001337df269a0 JavaThread "qtp2062888647-130" [_thread_blocked, id=28296, stack(0x000000211a800000,0x000000211a900000)]
  0x000001337c97bfe0 JavaThread "qtp2062888647-132" [_thread_blocked, id=25428, stack(0x000000211a900000,0x000000211aa00000)]
  0x000001337d98df00 JavaThread "qtp2062888647-133" [_thread_blocked, id=25988, stack(0x000000211aa00000,0x000000211ab00000)]
  0x000001337d98d9f0 JavaThread "qtp2062888647-134" [_thread_blocked, id=14600, stack(0x000000211ab00000,0x000000211ac00000)]
  0x000001337da0dd30 JavaThread "qtp2062888647-135" [_thread_blocked, id=8004, stack(0x000000211ac00000,0x000000211ad00000)]
  0x000001337da021c0 JavaThread "qtp2062888647-136" [_thread_blocked, id=1772, stack(0x000000211ad00000,0x000000211ae00000)]
  0x000001337df273c0 JavaThread "qtp2062888647-137" [_thread_blocked, id=19572, stack(0x000000211ae00000,0x000000211af00000)]
  0x000001337c9617d0 JavaThread "qtp2062888647-138" [_thread_blocked, id=39768, stack(0x000000211af00000,0x000000211b000000)]
  0x000001337da0e240 JavaThread "qtp2062888647-139" [_thread_blocked, id=32576, stack(0x000000211b000000,0x000000211b100000)]
  0x000001337c91f890 JavaThread "qtp2062888647-140" [_thread_blocked, id=12640, stack(0x000000211b100000,0x000000211b200000)]
  0x000001337c922860 JavaThread "qtp2062888647-141" [_thread_blocked, id=20948, stack(0x000000211b200000,0x000000211b300000)]
  0x000001337c97c4f0 JavaThread "qtp2062888647-142" [_thread_blocked, id=42500, stack(0x000000211b300000,0x000000211b400000)]
  0x000001337df278d0 JavaThread "qtp2062888647-143" [_thread_blocked, id=10012, stack(0x000000211b400000,0x000000211b500000)]
  0x000001337d98e920 JavaThread "qtp2062888647-144" [_thread_blocked, id=16212, stack(0x000000211b500000,0x000000211b600000)]
  0x000001337da12270 JavaThread "qtp2062888647-145" [_thread_blocked, id=2428, stack(0x000000211b600000,0x000000211b700000)]
  0x000001337c95f970 JavaThread "qtp2062888647-147" [_thread_blocked, id=36040, stack(0x000000211b800000,0x000000211b900000)]
  0x000001337df28b50 JavaThread "qtp2062888647-148" [_thread_blocked, id=21584, stack(0x000000211b900000,0x000000211ba00000)]
  0x000001337da0d310 JavaThread "qtp2062888647-149" [_thread_blocked, id=11068, stack(0x000000211ba00000,0x000000211bb00000)]
  0x000001337da12780 JavaThread "qtp2062888647-150" [_thread_blocked, id=40148, stack(0x000000211bb00000,0x000000211bc00000)]
  0x000001337c97d420 JavaThread "qtp2062888647-152" [_thread_blocked, id=9304, stack(0x000000211bd00000,0x000000211be00000)]
  0x000001337df28130 JavaThread "qtp2062888647-153" [_thread_blocked, id=5832, stack(0x000000211be00000,0x000000211bf00000)]
  0x000001337d98ee30 JavaThread "qtp2062888647-154" [_thread_blocked, id=27564, stack(0x000000211bf00000,0x000000211c000000)]
  0x000001337c97e350 JavaThread "qtp2062888647-155" [_thread_blocked, id=42884, stack(0x000000211c000000,0x000000211c100000)]
  0x000001337e665180 JavaThread "qtp2062888647-156" [_thread_blocked, id=40588, stack(0x000000211c100000,0x000000211c200000)]
  0x000001337da12c90 JavaThread "qtp2062888647-157" [_thread_blocked, id=24472, stack(0x000000211c200000,0x000000211c300000)]
  0x000001337df29570 JavaThread "qtp2062888647-158" [_thread_blocked, id=23128, stack(0x000000211c300000,0x000000211c400000)]
  0x000001337e664250 JavaThread "qtp2062888647-159" [_thread_blocked, id=31640, stack(0x000000211c400000,0x000000211c500000)]
  0x000001337df24120 JavaThread "qtp2062888647-160" [_thread_blocked, id=35476, stack(0x000000211c500000,0x000000211c600000)]
  0x000001337c960db0 JavaThread "qtp2062888647-161" [_thread_blocked, id=41400, stack(0x000000211c600000,0x000000211c700000)]
  0x000001337c95e020 JavaThread "qtp2062888647-162" [_thread_blocked, id=4116, stack(0x000000211c700000,0x000000211c800000)]
  0x000001337c95ef50 JavaThread "qtp2062888647-163" [_thread_blocked, id=24688, stack(0x000000211c800000,0x000000211c900000)]
  0x000001337d98f340 JavaThread "qtp2062888647-164" [_thread_blocked, id=14104, stack(0x000000211c900000,0x000000211ca00000)]
  0x000001337df2aec0 JavaThread "qtp2062888647-165" [_thread_blocked, id=30544, stack(0x000000211ca00000,0x000000211cb00000)]
  0x000001337da037b0 JavaThread "qtp2062888647-166" [_thread_blocked, id=35172, stack(0x000000211cb00000,0x000000211cc00000)]
  0x000001337c97e860 JavaThread "qtp2062888647-167" [_thread_blocked, id=10876, stack(0x000000211cc00000,0x000000211cd00000)]
  0x000001337da11340 JavaThread "qtp2062888647-168" [_thread_blocked, id=36480, stack(0x000000211cd00000,0x000000211ce00000)]
  0x000001337df24b40 JavaThread "qtp2062888647-169" [_thread_blocked, id=34888, stack(0x000000211ce00000,0x000000211cf00000)]
  0x000001337c95e530 JavaThread "RMI TCP Connection(4)-192.168.0.2" daemon [_thread_blocked, id=6384, stack(0x0000002111c00000,0x0000002111d00000)]
  0x000001337c9608a0 JavaThread "ForkJoinPool.commonPool-worker-3" daemon [_thread_blocked, id=6800, stack(0x0000002111d00000,0x0000002111e00000)]
  0x000001337c9250e0 JavaThread "ForkJoinPool.commonPool-worker-4" daemon [_thread_blocked, id=38068, stack(0x0000002111e00000,0x0000002111f00000)]
  0x000001337e663d40 JavaThread "qtp2062888647-173" [_thread_blocked, id=12572, stack(0x0000002112f00000,0x0000002113000000)]
  0x000001337e664760 JavaThread "qtp2062888647-174" [_thread_blocked, id=36572, stack(0x0000002113500000,0x0000002113600000)]
  0x000001337e664c70 JavaThread "qtp2062888647-175" [_thread_blocked, id=49416, stack(0x0000002114500000,0x0000002114600000)]
  0x000001337df2b3d0 JavaThread "qtp2062888647-176" [_thread_blocked, id=49420, stack(0x0000002114800000,0x0000002114900000)]
  0x000001337da0d820 JavaThread "qtp2062888647-177" [_thread_blocked, id=49428, stack(0x0000002114c00000,0x0000002114d00000)]
  0x000001337c921930 JavaThread "qtp2062888647-178" [_thread_blocked, id=49432, stack(0x0000002115500000,0x0000002115600000)]
  0x000001337e6b1ff0 JavaThread "qtp2062888647-179" [_thread_blocked, id=49704, stack(0x0000002115700000,0x0000002115800000)]
  0x000001337da04bf0 JavaThread "qtp2062888647-180" [_thread_blocked, id=49720, stack(0x0000002115d00000,0x0000002115e00000)]
  0x000001337da0e750 JavaThread "qtp2062888647-181" [_thread_blocked, id=49752, stack(0x0000002115e00000,0x0000002115f00000)]
  0x000001337df25050 JavaThread "qtp2062888647-182" [_thread_blocked, id=49800, stack(0x0000002116400000,0x0000002116500000)]
  0x000001337df2a4a0 JavaThread "qtp2062888647-183" [_thread_blocked, id=49848, stack(0x0000002116500000,0x0000002116600000)]
  0x000001337e6ab680 JavaThread "qtp2062888647-184" [_thread_blocked, id=49892, stack(0x0000002116600000,0x0000002116700000)]
  0x000001337e6aa750 JavaThread "qtp2062888647-185" [_thread_blocked, id=49916, stack(0x0000002116700000,0x0000002116800000)]
  0x000001337e9c6290 JavaThread "qtp2062888647-186" [_thread_blocked, id=49924, stack(0x0000002116e00000,0x0000002116f00000)]
  0x000001337da03cc0 JavaThread "qtp2062888647-187" [_thread_blocked, id=49948, stack(0x0000002116f00000,0x0000002117000000)]
  0x000001337c97b0b0 JavaThread "qtp2062888647-188" [_thread_blocked, id=49984, stack(0x0000002117000000,0x0000002117100000)]
  0x000001337df29a80 JavaThread "qtp2062888647-189" [_thread_blocked, id=49996, stack(0x0000002117100000,0x0000002117200000)]
  0x000001337e6ad4e0 JavaThread "qtp2062888647-190" [_thread_blocked, id=50032, stack(0x0000002117400000,0x0000002117500000)]
  0x000001337e6abb90 JavaThread "qtp2062888647-191" [_thread_blocked, id=50052, stack(0x0000002117d00000,0x0000002117e00000)]
  0x000001337da01290 JavaThread "qtp2062888647-192" [_thread_blocked, id=50072, stack(0x0000002118b00000,0x0000002118c00000)]
  0x000001337c95ea40 JavaThread "qtp2062888647-193" [_thread_blocked, id=50132, stack(0x0000002118c00000,0x0000002118d00000)]
  0x000001337da041d0 JavaThread "qtp2062888647-194" [_thread_blocked, id=50140, stack(0x0000002119c00000,0x0000002119d00000)]
  0x000001337e9c5870 JavaThread "qtp2062888647-195" [_thread_blocked, id=50184, stack(0x0000002119d00000,0x0000002119e00000)]
  0x000001337e6b15d0 JavaThread "qtp2062888647-196" [_thread_blocked, id=50228, stack(0x000000211b700000,0x000000211b800000)]
  0x000001337e6ac5b0 JavaThread "qtp2062888647-197" [_thread_blocked, id=50236, stack(0x000000211bc00000,0x000000211bd00000)]
  0x000001337df29060 JavaThread "qtp2062888647-198" [_thread_blocked, id=50268, stack(0x000000211cf00000,0x000000211d000000)]
  0x000001337c95fe80 JavaThread "qtp2062888647-199" [_thread_blocked, id=50308, stack(0x000000211d000000,0x000000211d100000)]
  0x000001337c97b5c0 JavaThread "qtp2062888647-200" [_thread_blocked, id=50324, stack(0x000000211d100000,0x000000211d200000)]
  0x000001337e9c71c0 JavaThread "qtp2062888647-201" [_thread_blocked, id=50332, stack(0x000000211d200000,0x000000211d300000)]
  0x000001337e9c8600 JavaThread "qtp2062888647-202" [_thread_blocked, id=50356, stack(0x000000211d300000,0x000000211d400000)]
  0x000001337da046e0 JavaThread "qtp2062888647-203" [_thread_blocked, id=50360, stack(0x000000211d400000,0x000000211d500000)]
  0x000001337c00b130 JavaThread "qtp2062888647-204" [_thread_blocked, id=50368, stack(0x000000211d500000,0x000000211d600000)]
  0x000001337e6b2500 JavaThread "qtp2062888647-205" [_thread_blocked, id=50408, stack(0x000000211d600000,0x000000211d700000)]
  0x000001337c91ee70 JavaThread "qtp2062888647-206" [_thread_blocked, id=50460, stack(0x000000211d700000,0x000000211d800000)]
  0x000001337e9c6cb0 JavaThread "qtp2062888647-207" [_thread_blocked, id=50512, stack(0x000000211d800000,0x000000211d900000)]
  0x000001337c00bb50 JavaThread "qtp2062888647-208" [_thread_blocked, id=50544, stack(0x000000211d900000,0x000000211da00000)]
  0x000001337c960390 JavaThread "qtp2062888647-209" [_thread_blocked, id=50564, stack(0x000000211da00000,0x000000211db00000)]
  0x000001337e663830 JavaThread "qtp2062888647-210" [_thread_blocked, id=50608, stack(0x000000211db00000,0x000000211dc00000)]
  0x000001337e6aed50 JavaThread "qtp2062888647-211" [_thread_blocked, id=50616, stack(0x000000211dc00000,0x000000211dd00000)]
  0x000001337c00d4a0 JavaThread "qtp2062888647-212" [_thread_blocked, id=50668, stack(0x000000211dd00000,0x000000211de00000)]
  0x000001337df26490 JavaThread "qtp2062888647-213" [_thread_blocked, id=50704, stack(0x000000211de00000,0x000000211df00000)]
  0x000001337e6b10c0 JavaThread "qtp2062888647-214" [_thread_blocked, id=50720, stack(0x000000211df00000,0x000000211e000000)]
  0x000001337c95f460 JavaThread "qtp2062888647-215" [_thread_blocked, id=50728, stack(0x000000211e000000,0x000000211e100000)]
  0x000001337e9c76d0 JavaThread "qtp2062888647-216" [_thread_blocked, id=50740, stack(0x000000211e100000,0x000000211e200000)]
  0x000001337e6afc80 JavaThread "qtp2062888647-217" [_thread_blocked, id=50800, stack(0x000000211e200000,0x000000211e300000)]
  0x000001337da02be0 JavaThread "qtp2062888647-218" [_thread_blocked, id=50808, stack(0x000000211e300000,0x000000211e400000)]
  0x000001337da026d0 JavaThread "qtp2062888647-219" [_thread_blocked, id=50820, stack(0x000000211e400000,0x000000211e500000)]
  0x000001337d9e32b0 JavaThread "qtp2062888647-220" [_thread_blocked, id=50828, stack(0x000000211e500000,0x000000211e600000)]
  0x000001337e6acac0 JavaThread "qtp2062888647-221" [_thread_blocked, id=50856, stack(0x000000211e600000,0x000000211e700000)]
  0x000001337da061e0 JavaThread "qtp2062888647-222" [_thread_blocked, id=50868, stack(0x000000211e700000,0x000000211e800000)]
  0x000001337c91e450 JavaThread "qtp2062888647-223" [_thread_blocked, id=50892, stack(0x000000211e800000,0x000000211e900000)]
  0x000001337c91f380 JavaThread "qtp2062888647-224" [_thread_blocked, id=50904, stack(0x000000211e900000,0x000000211ea00000)]
  0x000001337da05cd0 JavaThread "qtp2062888647-225" [_thread_blocked, id=50932, stack(0x000000211ea00000,0x000000211eb00000)]
  0x000001337e6ab170 JavaThread "qtp2062888647-227" [_thread_blocked, id=50940, stack(0x000000211eb00000,0x000000211ec00000)]
  0x000001337d9e1e70 JavaThread "qtp2062888647-226" [_thread_blocked, id=50948, stack(0x000000211ec00000,0x000000211ed00000)]
  0x000001337e6af260 JavaThread "qtp2062888647-228" [_thread_blocked, id=50968, stack(0x000000211ed00000,0x000000211ee00000)]
  0x000001337e6a9d30 JavaThread "qtp2062888647-229" [_thread_blocked, id=50980, stack(0x000000211ee00000,0x000000211ef00000)]
  0x000001337c9202b0 JavaThread "qtp2062888647-230" [_thread_blocked, id=51004, stack(0x000000211ef00000,0x000000211f000000)]
  0x000001337c91df40 JavaThread "qtp2062888647-231" [_thread_blocked, id=51016, stack(0x000000211f000000,0x000000211f100000)]
  0x000001337e9c7be0 JavaThread "qtp2062888647-232" [_thread_blocked, id=51052, stack(0x000000211f100000,0x000000211f200000)]
  0x000001337da09d00 JavaThread "qtp2062888647-233" [_thread_blocked, id=51068, stack(0x000000211f200000,0x000000211f300000)]
  0x00000133779cb470 JavaThread "qtp2062888647-234" [_thread_blocked, id=51084, stack(0x000000211f300000,0x000000211f400000)]
  0x000001337df29f90 JavaThread "qtp2062888647-235" [_thread_blocked, id=51104, stack(0x000000211f400000,0x000000211f500000)]
  0x000001337c91da30 JavaThread "qtp2062888647-236" [_thread_blocked, id=51112, stack(0x000000211f500000,0x000000211f600000)]
  0x000001337e6aa240 JavaThread "qtp2062888647-239" [_thread_blocked, id=51120, stack(0x000000211f600000,0x000000211f700000)]
  0x000001337df2a9b0 JavaThread "qtp2062888647-238" [_thread_blocked, id=51128, stack(0x000000211f700000,0x000000211f800000)]
  0x000001337e6b0190 JavaThread "qtp2062888647-237" [_thread_blocked, id=51136, stack(0x000000211f800000,0x000000211f900000)]
  0x000001337c9207c0 JavaThread "qtp2062888647-240" [_thread_blocked, id=51172, stack(0x000000211f900000,0x000000211fa00000)]
  0x000001337e6acfd0 JavaThread "qtp2062888647-241" [_thread_blocked, id=51180, stack(0x000000211fa00000,0x000000211fb00000)]
  0x000001337c920cd0 JavaThread "qtp2062888647-242" [_thread_blocked, id=51192, stack(0x000000211fb00000,0x000000211fc00000)]
  0x000001337749b9b0 JavaThread "qtp2062888647-243" [_thread_blocked, id=51212, stack(0x000000211fc00000,0x000000211fd00000)]
  0x000001337da0b810 JavaThread "qtp2062888647-244" [_thread_blocked, id=51220, stack(0x000000211fd00000,0x000000211fe00000)]
  0x000001337c91d520 JavaThread "qtp2062888647-245" [_thread_blocked, id=51228, stack(0x000000211fe00000,0x000000211ff00000)]
  0x000001337e6af770 JavaThread "qtp2062888647-246" [_thread_blocked, id=51248, stack(0x000000211ff00000,0x0000002120000000)]
  0x000001337749d300 JavaThread "qtp2062888647-247" [_thread_blocked, id=51256, stack(0x0000002120000000,0x0000002120100000)]
  0x0000013377138570 JavaThread "qtp2062888647-248" [_thread_blocked, id=51324, stack(0x0000002120100000,0x0000002120200000)]
  0x000001337db14300 JavaThread "qtp2062888647-249" [_thread_blocked, id=51332, stack(0x0000002120200000,0x0000002120300000)]
  0x000001337da07ce0 JavaThread "qtp2062888647-250" [_thread_blocked, id=51364, stack(0x0000002120300000,0x0000002120400000)]
  0x000001337e6aac60 JavaThread "qtp2062888647-251" [_thread_blocked, id=51372, stack(0x0000002120400000,0x0000002120500000)]
  0x000001337dc1ed00 JavaThread "qtp2062888647-253" [_thread_blocked, id=51380, stack(0x0000002120500000,0x0000002120600000)]
  0x000001337dc1b550 JavaThread "qtp2062888647-252" [_thread_blocked, id=51388, stack(0x0000002120600000,0x0000002120700000)]
  0x000001337713adf0 JavaThread "qtp2062888647-254" [_thread_blocked, id=51412, stack(0x0000002120700000,0x0000002120800000)]
  0x00000133779caf60 JavaThread "qtp2062888647-255" [_thread_blocked, id=51420, stack(0x0000002120800000,0x0000002120900000)]
  0x000001337e6b06a0 JavaThread "qtp2062888647-256" [_thread_blocked, id=51428, stack(0x0000002120900000,0x0000002120a00000)]
  0x000001337e6b0bb0 JavaThread "qtp2062888647-257" [_thread_blocked, id=51440, stack(0x0000002120a00000,0x0000002120b00000)]
  0x000001337c97bad0 JavaThread "qtp2062888647-258" [_thread_blocked, id=51488, stack(0x0000002120d00000,0x0000002120e00000)]
  0x000001337db14810 JavaThread "qtp2062888647-259" [_thread_blocked, id=51508, stack(0x0000002120e00000,0x0000002120f00000)]
  0x000001337e6b1ae0 JavaThread "qtp2062888647-260" [_thread_blocked, id=51516, stack(0x0000002120f00000,0x0000002121000000)]
  0x000001337749cdf0 JavaThread "ForkJoinPool.commonPool-worker-5" daemon [_thread_blocked, id=70788, stack(0x0000002120b00000,0x0000002120c00000)]
  0x000001337db11570 JavaThread "ForkJoinPool.commonPool-worker-6" daemon [_thread_blocked, id=71532, stack(0x0000002120c00000,0x0000002120d00000)]
  0x000001337db11a80 JavaThread "ForkJoinPool.commonPool-worker-9" daemon [_thread_blocked, id=71536, stack(0x0000002121000000,0x0000002121100000)]
  0x000001337c97ca00 JavaThread "ForkJoinPool.commonPool-worker-10" daemon [_thread_blocked, id=71540, stack(0x0000002121100000,0x0000002121200000)]
  0x000001337c922350 JavaThread "ForkJoinPool.commonPool-worker-13" daemon [_thread_blocked, id=71544, stack(0x0000002121200000,0x0000002121300000)]
  0x000001337e9c67a0 JavaThread "ForkJoinPool.commonPool-worker-12" daemon [_thread_blocked, id=71548, stack(0x0000002121300000,0x0000002121400000)]
  0x000001337c9246c0 JavaThread "ForkJoinPool.commonPool-worker-7" daemon [_thread_blocked, id=71552, stack(0x0000002121400000,0x0000002121500000)]
  0x000001337c9241b0 JavaThread "ForkJoinPool.commonPool-worker-8" daemon [_thread_blocked, id=71556, stack(0x0000002121500000,0x0000002121600000)]
  0x000001337e6ac0a0 JavaThread "ForkJoinPool.commonPool-worker-11" daemon [_thread_blocked, id=71560, stack(0x0000002121600000,0x0000002121700000)]

Other Threads:
=>0x0000013333203ae0 VMThread "VM Thread" [stack: 0x0000002112500000,0x0000002112600000] [id=10564]
  0x000001337783fe80 WatcherThread [stack: 0x0000002113600000,0x0000002113700000] [id=24116]
  0x00000133154bc0c0 GCTaskThread "GC Thread#0" [stack: 0x0000002112000000,0x0000002112100000] [id=19576]
  0x000001337c12e290 GCTaskThread "GC Thread#1" [stack: 0x0000002113900000,0x0000002113a00000] [id=35864]
  0x000001337c143bd0 GCTaskThread "GC Thread#2" [stack: 0x0000002113a00000,0x0000002113b00000] [id=16448]
  0x000001337c13c5f0 GCTaskThread "GC Thread#3" [stack: 0x0000002113b00000,0x0000002113c00000] [id=39980]
  0x000001337c13c8b0 GCTaskThread "GC Thread#4" [stack: 0x0000002113c00000,0x0000002113d00000] [id=39672]
  0x000001337c131a60 GCTaskThread "GC Thread#5" [stack: 0x0000002113d00000,0x0000002113e00000] [id=976]
  0x000001337c131d20 GCTaskThread "GC Thread#6" [stack: 0x0000002113e00000,0x0000002113f00000] [id=9348]
  0x000001337c131fe0 GCTaskThread "GC Thread#7" [stack: 0x0000002113f00000,0x0000002114000000] [id=5060]
  0x000001337c1322a0 GCTaskThread "GC Thread#8" [stack: 0x0000002114000000,0x0000002114100000] [id=40080]
  0x000001337c14b040 GCTaskThread "GC Thread#9" [stack: 0x0000002114100000,0x0000002114200000] [id=21084]
  0x00000133154cce70 ConcurrentGCThread "G1 Main Marker" [stack: 0x0000002112100000,0x0000002112200000] [id=42144]
  0x00000133154ce5c0 ConcurrentGCThread "G1 Conc#0" [stack: 0x0000002112200000,0x0000002112300000] [id=35016]
  0x000001337c8cff70 ConcurrentGCThread "G1 Conc#1" [stack: 0x0000002114400000,0x0000002114500000] [id=41512]
  0x000001337cb05ee0 ConcurrentGCThread "G1 Conc#2" [stack: 0x0000002114600000,0x0000002114700000] [id=34672]
  0x00000133154fec50 ConcurrentGCThread "G1 Refine#0" [stack: 0x0000002112300000,0x0000002112400000] [id=13416]
  0x000001337c16a010 ConcurrentGCThread "G1 Refine#1" [stack: 0x0000002114200000,0x0000002114300000] [id=40972]
  0x000001337c14d800 ConcurrentGCThread "G1 Refine#2" [stack: 0x0000002114300000,0x0000002114400000] [id=35520]
  0x0000013333140070 ConcurrentGCThread "G1 Service" [stack: 0x0000002112400000,0x0000002112500000] [id=35216]

Threads with active compile tasks:

VM state: at safepoint (normal execution)

VM Mutex/Monitor currently owned by a thread:  ([mutex/lock_event])
[0x000001331544a120] Threads_lock - owner thread: 0x0000013333203ae0
[0x000001331544a900] Heap_lock - owner thread: 0x000001337da07ce0

Heap address: 0x0000000601400000, size: 8172 MB, Compressed Oops mode: Zero based, Oop shift amount: 3

CDS archive(s) mapped at: [0x0000013336000000-0x0000013336bd0000-0x0000013336bd0000), size 12386304, SharedBaseAddress: 0x0000013336000000, ArchiveRelocationMode: 1.
Compressed class space mapped at: 0x0000013337000000-0x0000013377000000, reserved size: 1073741824
Narrow klass base: 0x0000013336000000, Narrow klass shift: 0, Narrow klass range: 0x100000000

GC Precious Log:
 CPUs: 12 total, 12 available
 Memory: 32675M
 Large Page Support: Disabled
 NUMA Support: Disabled
 Compressed Oops: Enabled (Zero based)
 Heap Region Size: 4M
 Heap Min Capacity: 8M
 Heap Initial Capacity: 512M
 Heap Max Capacity: 8172M
 Pre-touch: Disabled
 Parallel Workers: 10
 Concurrent Workers: 3
 Concurrent Refinement Workers: 10
 Periodic GC: Disabled

Heap:
 garbage-first heap   total 798720K, used 428641K [0x0000000601400000, 0x0000000800000000)
  region size 4096K, 1 young (4096K), 1 survivors (4096K)
 Metaspace       used 58105K, committed 61824K, reserved 1114112K
  class space    used 8456K, committed 9856K, reserved 1048576K

Heap Regions: E=young(eden), S=young(survivor), O=old, HS=humongous(starts), HC=humongous(continues), CS=collection set, F=free, OA=open archive, CA=closed archive, TAMS=top-at-mark-start (previous, next)
|   0|0x0000000601400000, 0x0000000601800000, 0x0000000601800000|100%| O|  |TAMS 0x0000000601800000, 0x0000000601400000| Untracked 
|   1|0x0000000601800000, 0x0000000601c00000, 0x0000000601c00000|100%| O|  |TAMS 0x0000000601800000, 0x0000000601800000| Untracked 
|   2|0x0000000601c00000, 0x0000000602000000, 0x0000000602000000|100%| O|  |TAMS 0x0000000602000000, 0x0000000601c00000| Untracked 
|   3|0x0000000602000000, 0x0000000602400000, 0x0000000602400000|100%| O|  |TAMS 0x0000000602400000, 0x0000000602000000| Untracked 
|   4|0x0000000602400000, 0x0000000602800000, 0x0000000602800000|100%| O|  |TAMS 0x0000000602800000, 0x0000000602400000| Untracked 
|   5|0x0000000602800000, 0x0000000602c00000, 0x0000000602c00000|100%| O|  |TAMS 0x0000000602c00000, 0x0000000602800000| Untracked 
|   6|0x0000000602c00000, 0x0000000603000000, 0x0000000603000000|100%| O|  |TAMS 0x0000000603000000, 0x0000000602c00000| Untracked 
|   7|0x0000000603000000, 0x0000000603400000, 0x0000000603400000|100%| O|  |TAMS 0x0000000603000000, 0x0000000603000000| Untracked 
|   8|0x0000000603400000, 0x0000000603800000, 0x0000000603800000|100%| O|  |TAMS 0x0000000603400000, 0x0000000603400000| Untracked 
|   9|0x0000000603800000, 0x0000000603c00000, 0x0000000603c00000|100%| O|  |TAMS 0x0000000603800000, 0x0000000603800000| Untracked 
|  10|0x0000000603c00000, 0x0000000604000000, 0x0000000604000000|100%| O|  |TAMS 0x0000000603c00000, 0x0000000603c00000| Untracked 
|  11|0x0000000604000000, 0x0000000604400000, 0x0000000604400000|100%| O|  |TAMS 0x0000000604000000, 0x0000000604000000| Untracked 
|  12|0x0000000604400000, 0x0000000604800000, 0x0000000604800000|100%| O|  |TAMS 0x0000000604800000, 0x0000000604400000| Untracked 
|  13|0x0000000604800000, 0x0000000604c00000, 0x0000000604c00000|100%| O|  |TAMS 0x0000000604c00000, 0x0000000604800000| Untracked 
|  14|0x0000000604c00000, 0x0000000605000000, 0x0000000605000000|100%| O|  |TAMS 0x0000000605000000, 0x0000000604c00000| Untracked 
|  15|0x0000000605000000, 0x0000000605400000, 0x0000000605400000|100%| O|  |TAMS 0x0000000605400000, 0x0000000605000000| Untracked 
|  16|0x0000000605400000, 0x0000000605800000, 0x0000000605800000|100%| O|  |TAMS 0x0000000605800000, 0x0000000605400000| Untracked 
|  17|0x0000000605800000, 0x0000000605c00000, 0x0000000605c00000|100%| O|  |TAMS 0x0000000605c00000, 0x0000000605800000| Untracked 
|  18|0x0000000605c00000, 0x0000000606000000, 0x0000000606000000|100%| O|  |TAMS 0x0000000606000000, 0x0000000605c00000| Untracked 
|  19|0x0000000606000000, 0x0000000606400000, 0x0000000606400000|100%| O|  |TAMS 0x0000000606400000, 0x0000000606000000| Untracked 
|  20|0x0000000606400000, 0x0000000606800000, 0x0000000606800000|100%| O|  |TAMS 0x0000000606800000, 0x0000000606400000| Untracked 
|  21|0x0000000606800000, 0x0000000606c00000, 0x0000000606c00000|100%| O|  |TAMS 0x0000000606c00000, 0x0000000606800000| Untracked 
|  22|0x0000000606c00000, 0x0000000607000000, 0x0000000607000000|100%| O|  |TAMS 0x0000000607000000, 0x0000000606c00000| Untracked 
|  23|0x0000000607000000, 0x0000000607400000, 0x0000000607400000|100%| O|  |TAMS 0x0000000607400000, 0x0000000607000000| Untracked 
|  24|0x0000000607400000, 0x0000000607800000, 0x0000000607800000|100%| O|  |TAMS 0x0000000607800000, 0x0000000607400000| Untracked 
|  25|0x0000000607800000, 0x0000000607c00000, 0x0000000607c00000|100%| O|  |TAMS 0x0000000607c00000, 0x0000000607800000| Untracked 
|  26|0x0000000607c00000, 0x0000000608000000, 0x0000000608000000|100%| O|  |TAMS 0x0000000608000000, 0x0000000607c00000| Untracked 
|  27|0x0000000608000000, 0x0000000608400000, 0x0000000608400000|100%| O|  |TAMS 0x0000000608400000, 0x0000000608000000| Untracked 
|  28|0x0000000608400000, 0x0000000608800000, 0x0000000608800000|100%| O|  |TAMS 0x0000000608800000, 0x0000000608400000| Untracked 
|  29|0x0000000608800000, 0x0000000608c00000, 0x0000000608c00000|100%| O|  |TAMS 0x0000000608c00000, 0x0000000608800000| Untracked 
|  30|0x0000000608c00000, 0x0000000609000000, 0x0000000609000000|100%| O|  |TAMS 0x0000000608e1fc00, 0x0000000608c00000| Untracked 
|  31|0x0000000609000000, 0x0000000609400000, 0x0000000609400000|100%| O|  |TAMS 0x0000000609000000, 0x0000000609000000| Untracked 
|  32|0x0000000609400000, 0x0000000609800000, 0x0000000609800000|100%| O|  |TAMS 0x0000000609400000, 0x0000000609400000| Untracked 
|  33|0x0000000609800000, 0x0000000609c00000, 0x0000000609c00000|100%| O|  |TAMS 0x0000000609800000, 0x0000000609800000| Untracked 
|  34|0x0000000609c00000, 0x000000060a000000, 0x000000060a000000|100%| O|  |TAMS 0x0000000609c00000, 0x0000000609c00000| Untracked 
|  35|0x000000060a000000, 0x000000060a400000, 0x000000060a400000|100%| O|  |TAMS 0x000000060a000000, 0x000000060a000000| Untracked 
|  36|0x000000060a400000, 0x000000060a800000, 0x000000060a800000|100%| O|  |TAMS 0x000000060a400000, 0x000000060a400000| Untracked 
|  37|0x000000060a800000, 0x000000060ac00000, 0x000000060ac00000|100%| O|  |TAMS 0x000000060a800000, 0x000000060a800000| Untracked 
|  38|0x000000060ac00000, 0x000000060b000000, 0x000000060b000000|100%| O|  |TAMS 0x000000060ac00000, 0x000000060ac00000| Untracked 
|  39|0x000000060b000000, 0x000000060b400000, 0x000000060b400000|100%| O|  |TAMS 0x000000060b000000, 0x000000060b000000| Untracked 
|  40|0x000000060b400000, 0x000000060b800000, 0x000000060b800000|100%| O|  |TAMS 0x000000060b400000, 0x000000060b400000| Untracked 
|  41|0x000000060b800000, 0x000000060bc00000, 0x000000060bc00000|100%| O|  |TAMS 0x000000060b800000, 0x000000060b800000| Untracked 
|  42|0x000000060bc00000, 0x000000060c000000, 0x000000060c000000|100%| O|  |TAMS 0x000000060bc00000, 0x000000060bc00000| Untracked 
|  43|0x000000060c000000, 0x000000060c400000, 0x000000060c400000|100%| O|  |TAMS 0x000000060c000000, 0x000000060c000000| Untracked 
|  44|0x000000060c400000, 0x000000060c800000, 0x000000060c800000|100%| O|  |TAMS 0x000000060c400000, 0x000000060c400000| Untracked 
|  45|0x000000060c800000, 0x000000060cc00000, 0x000000060cc00000|100%| O|  |TAMS 0x000000060c800000, 0x000000060c800000| Untracked 
|  46|0x000000060cc00000, 0x000000060d000000, 0x000000060d000000|100%| O|  |TAMS 0x000000060cc00000, 0x000000060cc00000| Untracked 
|  47|0x000000060d000000, 0x000000060d400000, 0x000000060d400000|100%| O|  |TAMS 0x000000060d000000, 0x000000060d000000| Untracked 
|  48|0x000000060d400000, 0x000000060d800000, 0x000000060d800000|100%| O|  |TAMS 0x000000060d400000, 0x000000060d400000| Untracked 
|  49|0x000000060d800000, 0x000000060dc00000, 0x000000060dc00000|100%| O|  |TAMS 0x000000060d800000, 0x000000060d800000| Untracked 
|  50|0x000000060dc00000, 0x000000060e000000, 0x000000060e000000|100%| O|  |TAMS 0x000000060dc00000, 0x000000060dc00000| Untracked 
|  51|0x000000060e000000, 0x000000060e400000, 0x000000060e400000|100%| O|  |TAMS 0x000000060e000000, 0x000000060e000000| Untracked 
|  52|0x000000060e400000, 0x000000060e800000, 0x000000060e800000|100%| O|  |TAMS 0x000000060e400000, 0x000000060e400000| Untracked 
|  53|0x000000060e800000, 0x000000060ec00000, 0x000000060ec00000|100%| O|  |TAMS 0x000000060e800000, 0x000000060e800000| Untracked 
|  54|0x000000060ec00000, 0x000000060f000000, 0x000000060f000000|100%| O|  |TAMS 0x000000060ec00000, 0x000000060ec00000| Untracked 
|  55|0x000000060f000000, 0x000000060f400000, 0x000000060f400000|100%| O|  |TAMS 0x000000060f000000, 0x000000060f000000| Untracked 
|  56|0x000000060f400000, 0x000000060f800000, 0x000000060f800000|100%| O|  |TAMS 0x000000060f400000, 0x000000060f400000| Untracked 
|  57|0x000000060f800000, 0x000000060fc00000, 0x000000060fc00000|100%| O|  |TAMS 0x000000060f800000, 0x000000060f800000| Untracked 
|  58|0x000000060fc00000, 0x0000000610000000, 0x0000000610000000|100%| O|  |TAMS 0x000000060fc00000, 0x000000060fc00000| Untracked 
|  59|0x0000000610000000, 0x0000000610400000, 0x0000000610400000|100%| O|  |TAMS 0x0000000610000000, 0x0000000610000000| Untracked 
|  60|0x0000000610400000, 0x0000000610800000, 0x0000000610800000|100%| O|  |TAMS 0x0000000610400000, 0x0000000610400000| Untracked 
|  61|0x0000000610800000, 0x0000000610c00000, 0x0000000610c00000|100%| O|  |TAMS 0x0000000610800000, 0x0000000610800000| Untracked 
|  62|0x0000000610c00000, 0x0000000611000000, 0x0000000611000000|100%| O|  |TAMS 0x0000000610c00000, 0x0000000610c00000| Untracked 
|  63|0x0000000611000000, 0x0000000611400000, 0x0000000611400000|100%| O|  |TAMS 0x0000000611000000, 0x0000000611000000| Untracked 
|  64|0x0000000611400000, 0x0000000611800000, 0x0000000611800000|100%| O|  |TAMS 0x0000000611400000, 0x0000000611400000| Untracked 
|  65|0x0000000611800000, 0x0000000611c00000, 0x0000000611c00000|100%| O|  |TAMS 0x0000000611800000, 0x0000000611800000| Untracked 
|  66|0x0000000611c00000, 0x0000000612000000, 0x0000000612000000|100%| O|  |TAMS 0x0000000611c00000, 0x0000000611c00000| Untracked 
|  67|0x0000000612000000, 0x0000000612400000, 0x0000000612400000|100%| O|  |TAMS 0x0000000612000000, 0x0000000612000000| Untracked 
|  68|0x0000000612400000, 0x0000000612800000, 0x0000000612800000|100%| O|  |TAMS 0x0000000612400000, 0x0000000612400000| Untracked 
|  69|0x0000000612800000, 0x0000000612c00000, 0x0000000612c00000|100%| O|  |TAMS 0x0000000612800000, 0x0000000612800000| Untracked 
|  70|0x0000000612c00000, 0x0000000613000000, 0x0000000613000000|100%| O|  |TAMS 0x0000000612c00000, 0x0000000612c00000| Untracked 
|  71|0x0000000613000000, 0x0000000613400000, 0x0000000613400000|100%| O|  |TAMS 0x0000000613000000, 0x0000000613000000| Untracked 
|  72|0x0000000613400000, 0x0000000613800000, 0x0000000613800000|100%| O|  |TAMS 0x0000000613400000, 0x0000000613400000| Untracked 
|  73|0x0000000613800000, 0x0000000613c00000, 0x0000000613c00000|100%| O|  |TAMS 0x0000000613800000, 0x0000000613800000| Untracked 
|  74|0x0000000613c00000, 0x0000000614000000, 0x0000000614000000|100%| O|  |TAMS 0x0000000613c00000, 0x0000000613c00000| Untracked 
|  75|0x0000000614000000, 0x0000000614400000, 0x0000000614400000|100%| O|  |TAMS 0x0000000614000000, 0x0000000614000000| Untracked 
|  76|0x0000000614400000, 0x0000000614800000, 0x0000000614800000|100%| O|  |TAMS 0x0000000614400000, 0x0000000614400000| Untracked 
|  77|0x0000000614800000, 0x0000000614c00000, 0x0000000614c00000|100%| O|  |TAMS 0x0000000614800000, 0x0000000614800000| Untracked 
|  78|0x0000000614c00000, 0x0000000615000000, 0x0000000615000000|100%| O|  |TAMS 0x0000000614c00000, 0x0000000614c00000| Untracked 
|  79|0x0000000615000000, 0x0000000615400000, 0x0000000615400000|100%| O|  |TAMS 0x0000000615000000, 0x0000000615000000| Untracked 
|  80|0x0000000615400000, 0x0000000615800000, 0x0000000615800000|100%| O|  |TAMS 0x0000000615400000, 0x0000000615400000| Untracked 
|  81|0x0000000615800000, 0x0000000615c00000, 0x0000000615c00000|100%| O|  |TAMS 0x0000000615800000, 0x0000000615800000| Untracked 
|  82|0x0000000615c00000, 0x0000000616000000, 0x0000000616000000|100%| O|  |TAMS 0x0000000615c00000, 0x0000000615c00000| Untracked 
|  83|0x0000000616000000, 0x0000000616400000, 0x0000000616400000|100%| O|  |TAMS 0x0000000616000000, 0x0000000616000000| Untracked 
|  84|0x0000000616400000, 0x0000000616800000, 0x0000000616800000|100%| O|  |TAMS 0x0000000616400000, 0x0000000616400000| Untracked 
|  85|0x0000000616800000, 0x0000000616c00000, 0x0000000616c00000|100%| O|  |TAMS 0x0000000616800000, 0x0000000616800000| Untracked 
|  86|0x0000000616c00000, 0x0000000617000000, 0x0000000617000000|100%| O|  |TAMS 0x0000000616c00000, 0x0000000616c00000| Untracked 
|  87|0x0000000617000000, 0x0000000617400000, 0x0000000617400000|100%| O|  |TAMS 0x0000000617000000, 0x0000000617000000| Untracked 
|  88|0x0000000617400000, 0x0000000617800000, 0x0000000617800000|100%| O|  |TAMS 0x0000000617400000, 0x0000000617400000| Untracked 
|  89|0x0000000617800000, 0x0000000617c00000, 0x0000000617c00000|100%| O|  |TAMS 0x0000000617800000, 0x0000000617800000| Untracked 
|  90|0x0000000617c00000, 0x0000000618000000, 0x0000000618000000|100%| O|  |TAMS 0x0000000617c00000, 0x0000000617c00000| Untracked 
|  91|0x0000000618000000, 0x0000000618400000, 0x0000000618400000|100%| O|  |TAMS 0x0000000618000000, 0x0000000618000000| Untracked 
|  92|0x0000000618400000, 0x0000000618800000, 0x0000000618800000|100%| O|  |TAMS 0x0000000618400000, 0x0000000618400000| Untracked 
|  93|0x0000000618800000, 0x0000000618c00000, 0x0000000618c00000|100%| O|  |TAMS 0x0000000618800000, 0x0000000618800000| Untracked 
|  94|0x0000000618c00000, 0x0000000619000000, 0x0000000619000000|100%| O|  |TAMS 0x0000000618c00000, 0x0000000618c00000| Untracked 
|  95|0x0000000619000000, 0x0000000619400000, 0x0000000619400000|100%| O|  |TAMS 0x0000000619000000, 0x0000000619000000| Untracked 
|  96|0x0000000619400000, 0x0000000619800000, 0x0000000619800000|100%| O|  |TAMS 0x0000000619400000, 0x0000000619400000| Untracked 
|  97|0x0000000619800000, 0x0000000619c00000, 0x0000000619c00000|100%| O|  |TAMS 0x0000000619800000, 0x0000000619800000| Untracked 
|  98|0x0000000619c00000, 0x000000061a000000, 0x000000061a000000|100%| O|  |TAMS 0x0000000619c00000, 0x0000000619c00000| Untracked 
|  99|0x000000061a000000, 0x000000061a400000, 0x000000061a400000|100%| O|  |TAMS 0x000000061a000000, 0x000000061a000000| Untracked 
| 100|0x000000061a400000, 0x000000061a800000, 0x000000061a800000|100%| O|  |TAMS 0x000000061a400000, 0x000000061a400000| Untracked 
| 101|0x000000061a800000, 0x000000061ac00000, 0x000000061ac00000|100%| O|  |TAMS 0x000000061a800000, 0x000000061a800000| Untracked 
| 102|0x000000061ac00000, 0x000000061b000000, 0x000000061b000000|100%| O|  |TAMS 0x000000061ac00000, 0x000000061ac00000| Untracked 
| 103|0x000000061b000000, 0x000000061b400000, 0x000000061b400000|100%| O|  |TAMS 0x000000061b000000, 0x000000061b000000| Untracked 
| 104|0x000000061b400000, 0x000000061b4cd800, 0x000000061b800000| 20%| O|  |TAMS 0x000000061b400000, 0x000000061b400000| Untracked 
| 105|0x000000061b800000, 0x000000061b800000, 0x000000061bc00000|  0%| F|  |TAMS 0x000000061b800000, 0x000000061b800000| Untracked 
| 106|0x000000061bc00000, 0x000000061bc00000, 0x000000061c000000|  0%| F|  |TAMS 0x000000061bc00000, 0x000000061bc00000| Untracked 
| 107|0x000000061c000000, 0x000000061c000000, 0x000000061c400000|  0%| F|  |TAMS 0x000000061c000000, 0x000000061c000000| Untracked 
| 108|0x000000061c400000, 0x000000061c400000, 0x000000061c800000|  0%| F|  |TAMS 0x000000061c400000, 0x000000061c400000| Untracked 
| 109|0x000000061c800000, 0x000000061c800000, 0x000000061cc00000|  0%| F|  |TAMS 0x000000061c800000, 0x000000061c800000| Untracked 
| 110|0x000000061cc00000, 0x000000061cc00000, 0x000000061d000000|  0%| F|  |TAMS 0x000000061cc00000, 0x000000061cc00000| Untracked 
| 111|0x000000061d000000, 0x000000061d000000, 0x000000061d400000|  0%| F|  |TAMS 0x000000061d000000, 0x000000061d000000| Untracked 
| 112|0x000000061d400000, 0x000000061d400000, 0x000000061d800000|  0%| F|  |TAMS 0x000000061d400000, 0x000000061d400000| Untracked 
| 113|0x000000061d800000, 0x000000061d800000, 0x000000061dc00000|  0%| F|  |TAMS 0x000000061d800000, 0x000000061d800000| Untracked 
| 114|0x000000061dc00000, 0x000000061dc00000, 0x000000061e000000|  0%| F|  |TAMS 0x000000061dc00000, 0x000000061dc00000| Untracked 
| 115|0x000000061e000000, 0x000000061e000000, 0x000000061e400000|  0%| F|  |TAMS 0x000000061e000000, 0x000000061e000000| Untracked 
| 116|0x000000061e400000, 0x000000061e400000, 0x000000061e800000|  0%| F|  |TAMS 0x000000061e400000, 0x000000061e400000| Untracked 
| 117|0x000000061e800000, 0x000000061e800000, 0x000000061ec00000|  0%| F|  |TAMS 0x000000061e800000, 0x000000061e800000| Untracked 
| 118|0x000000061ec00000, 0x000000061ec00000, 0x000000061f000000|  0%| F|  |TAMS 0x000000061ec00000, 0x000000061ec00000| Untracked 
| 119|0x000000061f000000, 0x000000061f000000, 0x000000061f400000|  0%| F|  |TAMS 0x000000061f000000, 0x000000061f000000| Untracked 
| 120|0x000000061f400000, 0x000000061f400000, 0x000000061f800000|  0%| F|  |TAMS 0x000000061f400000, 0x000000061f400000| Untracked 
| 121|0x000000061f800000, 0x000000061f800000, 0x000000061fc00000|  0%| F|  |TAMS 0x000000061f800000, 0x000000061f800000| Untracked 
| 122|0x000000061fc00000, 0x000000061fc00000, 0x0000000620000000|  0%| F|  |TAMS 0x000000061fc00000, 0x000000061fc00000| Untracked 
| 123|0x0000000620000000, 0x0000000620000000, 0x0000000620400000|  0%| F|  |TAMS 0x0000000620000000, 0x0000000620000000| Untracked 
| 124|0x0000000620400000, 0x0000000620400000, 0x0000000620800000|  0%| F|  |TAMS 0x0000000620400000, 0x0000000620400000| Untracked 
| 125|0x0000000620800000, 0x0000000620800000, 0x0000000620c00000|  0%| F|  |TAMS 0x0000000620800000, 0x0000000620800000| Untracked 
| 126|0x0000000620c00000, 0x0000000620c00000, 0x0000000621000000|  0%| F|  |TAMS 0x0000000620c00000, 0x0000000620c00000| Untracked 
| 127|0x0000000621000000, 0x0000000621000000, 0x0000000621400000|  0%| F|  |TAMS 0x0000000621000000, 0x0000000621000000| Untracked 
| 128|0x0000000621400000, 0x0000000621400000, 0x0000000621800000|  0%| F|  |TAMS 0x0000000621400000, 0x0000000621400000| Untracked 
| 129|0x0000000621800000, 0x0000000621800000, 0x0000000621c00000|  0%| F|  |TAMS 0x0000000621800000, 0x0000000621800000| Untracked 
| 130|0x0000000621c00000, 0x0000000621c00000, 0x0000000622000000|  0%| F|  |TAMS 0x0000000621c00000, 0x0000000621c00000| Untracked 
| 131|0x0000000622000000, 0x0000000622000000, 0x0000000622400000|  0%| F|  |TAMS 0x0000000622000000, 0x0000000622000000| Untracked 
| 132|0x0000000622400000, 0x0000000622400000, 0x0000000622800000|  0%| F|  |TAMS 0x0000000622400000, 0x0000000622400000| Untracked 
| 133|0x0000000622800000, 0x00000006229cad98, 0x0000000622c00000| 44%| S|CS|TAMS 0x0000000622800000, 0x0000000622800000| Complete 
| 134|0x0000000622c00000, 0x0000000622c00000, 0x0000000623000000|  0%| F|  |TAMS 0x0000000622c00000, 0x0000000622c00000| Untracked 
| 135|0x0000000623000000, 0x0000000623000000, 0x0000000623400000|  0%| F|  |TAMS 0x0000000623000000, 0x0000000623000000| Untracked 
| 136|0x0000000623400000, 0x0000000623400000, 0x0000000623800000|  0%| F|  |TAMS 0x0000000623400000, 0x0000000623400000| Untracked 
| 137|0x0000000623800000, 0x0000000623800000, 0x0000000623c00000|  0%| F|  |TAMS 0x0000000623800000, 0x0000000623800000| Untracked 
| 138|0x0000000623c00000, 0x0000000623c00000, 0x0000000624000000|  0%| F|  |TAMS 0x0000000623c00000, 0x0000000623c00000| Untracked 
| 139|0x0000000624000000, 0x0000000624000000, 0x0000000624400000|  0%| F|  |TAMS 0x0000000624000000, 0x0000000624000000| Untracked 
| 140|0x0000000624400000, 0x0000000624400000, 0x0000000624800000|  0%| F|  |TAMS 0x0000000624400000, 0x0000000624400000| Untracked 
| 141|0x0000000624800000, 0x0000000624800000, 0x0000000624c00000|  0%| F|  |TAMS 0x0000000624800000, 0x0000000624800000| Untracked 
| 142|0x0000000624c00000, 0x0000000624c00000, 0x0000000625000000|  0%| F|  |TAMS 0x0000000624c00000, 0x0000000624c00000| Untracked 
| 143|0x0000000625000000, 0x0000000625000000, 0x0000000625400000|  0%| F|  |TAMS 0x0000000625000000, 0x0000000625000000| Untracked 
| 144|0x0000000625400000, 0x0000000625400000, 0x0000000625800000|  0%| F|  |TAMS 0x0000000625400000, 0x0000000625400000| Untracked 
| 145|0x0000000625800000, 0x0000000625800000, 0x0000000625c00000|  0%| F|  |TAMS 0x0000000625800000, 0x0000000625800000| Untracked 
| 146|0x0000000625c00000, 0x0000000625c00000, 0x0000000626000000|  0%| F|  |TAMS 0x0000000625c00000, 0x0000000625c00000| Untracked 
| 147|0x0000000626000000, 0x0000000626000000, 0x0000000626400000|  0%| F|  |TAMS 0x0000000626000000, 0x0000000626000000| Untracked 
| 148|0x0000000626400000, 0x0000000626400000, 0x0000000626800000|  0%| F|  |TAMS 0x0000000626400000, 0x0000000626400000| Untracked 
| 149|0x0000000626800000, 0x0000000626800000, 0x0000000626c00000|  0%| F|  |TAMS 0x0000000626800000, 0x0000000626800000| Untracked 
| 150|0x0000000626c00000, 0x0000000626c00000, 0x0000000627000000|  0%| F|  |TAMS 0x0000000626c00000, 0x0000000626c00000| Untracked 
| 151|0x0000000627000000, 0x0000000627000000, 0x0000000627400000|  0%| F|  |TAMS 0x0000000627000000, 0x0000000627000000| Untracked 
| 152|0x0000000627400000, 0x0000000627400000, 0x0000000627800000|  0%| F|  |TAMS 0x0000000627400000, 0x0000000627400000| Untracked 
| 153|0x0000000627800000, 0x0000000627800000, 0x0000000627c00000|  0%| F|  |TAMS 0x0000000627800000, 0x0000000627800000| Untracked 
| 154|0x0000000627c00000, 0x0000000627c00000, 0x0000000628000000|  0%| F|  |TAMS 0x0000000627c00000, 0x0000000627c00000| Untracked 
| 155|0x0000000628000000, 0x0000000628000000, 0x0000000628400000|  0%| F|  |TAMS 0x0000000628000000, 0x0000000628000000| Untracked 
| 156|0x0000000628400000, 0x0000000628400000, 0x0000000628800000|  0%| F|  |TAMS 0x0000000628400000, 0x0000000628400000| Untracked 
| 157|0x0000000628800000, 0x0000000628800000, 0x0000000628c00000|  0%| F|  |TAMS 0x0000000628800000, 0x0000000628800000| Untracked 
| 158|0x0000000628c00000, 0x0000000628c00000, 0x0000000629000000|  0%| F|  |TAMS 0x0000000628c00000, 0x0000000628c00000| Untracked 
| 159|0x0000000629000000, 0x0000000629000000, 0x0000000629400000|  0%| F|  |TAMS 0x0000000629000000, 0x0000000629000000| Untracked 
| 160|0x0000000629400000, 0x0000000629400000, 0x0000000629800000|  0%| F|  |TAMS 0x0000000629400000, 0x0000000629400000| Untracked 
| 161|0x0000000629800000, 0x0000000629800000, 0x0000000629c00000|  0%| F|  |TAMS 0x0000000629800000, 0x0000000629800000| Untracked 
| 162|0x0000000629c00000, 0x0000000629c00000, 0x000000062a000000|  0%| F|  |TAMS 0x0000000629c00000, 0x0000000629c00000| Untracked 
| 163|0x000000062a000000, 0x000000062a000000, 0x000000062a400000|  0%| F|  |TAMS 0x000000062a000000, 0x000000062a000000| Untracked 
| 164|0x000000062a400000, 0x000000062a400000, 0x000000062a800000|  0%| F|  |TAMS 0x000000062a400000, 0x000000062a400000| Untracked 
| 165|0x000000062a800000, 0x000000062a800000, 0x000000062ac00000|  0%| F|  |TAMS 0x000000062a800000, 0x000000062a800000| Untracked 
| 166|0x000000062ac00000, 0x000000062ac00000, 0x000000062b000000|  0%| F|  |TAMS 0x000000062ac00000, 0x000000062ac00000| Untracked 
| 167|0x000000062b000000, 0x000000062b000000, 0x000000062b400000|  0%| F|  |TAMS 0x000000062b000000, 0x000000062b000000| Untracked 
| 168|0x000000062b400000, 0x000000062b400000, 0x000000062b800000|  0%| F|  |TAMS 0x000000062b400000, 0x000000062b400000| Untracked 
| 169|0x000000062b800000, 0x000000062b800000, 0x000000062bc00000|  0%| F|  |TAMS 0x000000062b800000, 0x000000062b800000| Untracked 
| 170|0x000000062bc00000, 0x000000062bc00000, 0x000000062c000000|  0%| F|  |TAMS 0x000000062bc00000, 0x000000062bc00000| Untracked 
| 171|0x000000062c000000, 0x000000062c000000, 0x000000062c400000|  0%| F|  |TAMS 0x000000062c000000, 0x000000062c000000| Untracked 
| 172|0x000000062c400000, 0x000000062c400000, 0x000000062c800000|  0%| F|  |TAMS 0x000000062c400000, 0x000000062c400000| Untracked 
| 173|0x000000062c800000, 0x000000062c800000, 0x000000062cc00000|  0%| F|  |TAMS 0x000000062c800000, 0x000000062c800000| Untracked 
| 174|0x000000062cc00000, 0x000000062cc00000, 0x000000062d000000|  0%| F|  |TAMS 0x000000062cc00000, 0x000000062cc00000| Untracked 
| 175|0x000000062d000000, 0x000000062d000000, 0x000000062d400000|  0%| F|  |TAMS 0x000000062d000000, 0x000000062d000000| Untracked 
| 176|0x000000062d400000, 0x000000062d400000, 0x000000062d800000|  0%| F|  |TAMS 0x000000062d400000, 0x000000062d400000| Untracked 
| 177|0x000000062d800000, 0x000000062d800000, 0x000000062dc00000|  0%| F|  |TAMS 0x000000062d800000, 0x000000062d800000| Untracked 
| 178|0x000000062dc00000, 0x000000062dc00000, 0x000000062e000000|  0%| F|  |TAMS 0x000000062dc00000, 0x000000062dc00000| Untracked 
| 179|0x000000062e000000, 0x000000062e000000, 0x000000062e400000|  0%| F|  |TAMS 0x000000062e000000, 0x000000062e000000| Untracked 
| 180|0x000000062e400000, 0x000000062e400000, 0x000000062e800000|  0%| F|  |TAMS 0x000000062e400000, 0x000000062e400000| Untracked 
| 181|0x000000062e800000, 0x000000062e800000, 0x000000062ec00000|  0%| F|  |TAMS 0x000000062e800000, 0x000000062e800000| Untracked 
| 182|0x000000062ec00000, 0x000000062ec00000, 0x000000062f000000|  0%| F|  |TAMS 0x000000062ec00000, 0x000000062ec00000| Untracked 
| 183|0x000000062f000000, 0x000000062f000000, 0x000000062f400000|  0%| F|  |TAMS 0x000000062f000000, 0x000000062f000000| Untracked 
| 184|0x000000062f400000, 0x000000062f400000, 0x000000062f800000|  0%| F|  |TAMS 0x000000062f400000, 0x000000062f400000| Untracked 
| 185|0x000000062f800000, 0x000000062f800000, 0x000000062fc00000|  0%| F|  |TAMS 0x000000062f800000, 0x000000062f800000| Untracked 
| 186|0x000000062fc00000, 0x000000062fc00000, 0x0000000630000000|  0%| F|  |TAMS 0x000000062fc00000, 0x000000062fc00000| Untracked 
| 187|0x0000000630000000, 0x0000000630000000, 0x0000000630400000|  0%| F|  |TAMS 0x0000000630000000, 0x0000000630000000| Untracked 
| 188|0x0000000630400000, 0x0000000630400000, 0x0000000630800000|  0%| F|  |TAMS 0x0000000630400000, 0x0000000630400000| Untracked 
| 189|0x0000000630800000, 0x0000000630800000, 0x0000000630c00000|  0%| F|  |TAMS 0x0000000630800000, 0x0000000630800000| Untracked 
| 190|0x0000000630c00000, 0x0000000630c00000, 0x0000000631000000|  0%| F|  |TAMS 0x0000000630c00000, 0x0000000630c00000| Untracked 
| 191|0x0000000631000000, 0x0000000631000000, 0x0000000631400000|  0%| F|  |TAMS 0x0000000631000000, 0x0000000631000000| Untracked 
| 192|0x0000000631400000, 0x0000000631400000, 0x0000000631800000|  0%| F|  |TAMS 0x0000000631400000, 0x0000000631400000| Untracked 
| 193|0x0000000631800000, 0x0000000631800000, 0x0000000631c00000|  0%| F|  |TAMS 0x0000000631800000, 0x0000000631800000| Untracked 
| 194|0x0000000631c00000, 0x0000000631c00000, 0x0000000632000000|  0%| F|  |TAMS 0x0000000631c00000, 0x0000000631c00000| Untracked 

Card table byte_map: [0x0000013321020000,0x0000013322020000] _byte_map_base: 0x000001331e016000

Marking Bits (Prev, Next): (CMBitMap*) 0x00000133154bc630, (CMBitMap*) 0x00000133154bc5f0
 Prev Bits: [0x000001332afd0000, 0x0000013332f80000)
 Next Bits: [0x0000013323020000, 0x000001332afd0000)

Polling page: 0x00000133137b0000

Metaspace:

Usage:
  Non-class:     48.49 MB used.
      Class:      8.26 MB used.
       Both:     56.74 MB used.

Virtual space:
  Non-class space:       64.00 MB reserved,      50.75 MB ( 79%) committed,  1 nodes.
      Class space:        1.00 GB reserved,       9.62 MB ( <1%) committed,  1 nodes.
             Both:        1.06 GB reserved,      60.38 MB (  6%) committed. 

Chunk freelists:
   Non-Class:  14.71 MB
       Class:  7.39 MB
        Both:  22.10 MB

MaxMetaspaceSize: unlimited
CompressedClassSpaceSize: 1.00 GB
Initial GC threshold: 21.00 MB
Current GC threshold: 100.62 MB
CDS: on
MetaspaceReclaimPolicy: balanced
 - commit_granule_bytes: 65536.
 - commit_granule_words: 8192.
 - virtual_space_node_default_size: 8388608.
 - enlarge_chunks_in_place: 1.
 - new_chunks_are_fully_committed: 0.
 - uncommit_free_chunks: 1.
 - use_allocation_guard: 0.
 - handle_deallocations: 1.


Internal statistics:

num_allocs_failed_limit: 217.
num_arena_births: 2944.
num_arena_deaths: 2346.
num_vsnodes_births: 2.
num_vsnodes_deaths: 0.
num_space_committed: 972.
num_space_uncommitted: 6.
num_chunks_returned_to_freelist: 3434.
num_chunks_taken_from_freelist: 5971.
num_chunk_merges: 1717.
num_chunk_splits: 3854.
num_chunks_enlarged: 1747.
num_inconsistent_stats: 0.

CodeCache: size=49152Kb used=16239Kb max_used=17646Kb free=32913Kb
 bounds [0x000001331ccf0000, 0x000001331de40000, 0x000001331fcf0000]
 total_blobs=9577 nmethods=8896 adapters=608
 compilation: enabled
              stopped_count=0, restarted_count=0
 full_count=0

Compilation events (20 events):
Event: 1192.375 Thread 0x00000133770a7a00 8887 % !   1       org.eclipse.jetty.util.thread.QueuedThreadPool$Runner::run @ 64 (337 bytes)
Event: 1192.377 Thread 0x00000133770a7a00 nmethod 8887% 0x000001331d805e90 code [0x000001331d8061c0, 0x000001331d806fe8]
Event: 1195.908 Thread 0x00000133770a7a00 8888       1       org.eclipse.jetty.io.ArrayByteBufferPool$ReservedBuffer::release (38 bytes)
Event: 1195.909 Thread 0x00000133770a7a00 nmethod 8888 0x000001331d805510 code [0x000001331d805700, 0x000001331d805b58]
Event: 1195.915 Thread 0x00000133770a7a00 8889 %     1       java.util.concurrent.ForkJoinPool::runWorker @ 29 (72 bytes)
Event: 1195.916 Thread 0x00000133770a7a00 nmethod 8889% 0x000001331d805010 code [0x000001331d8051c0, 0x000001331d8053f8]
Event: 1196.477 Thread 0x00000133770a7a00 8890       1       java.util.concurrent.ForkJoinPool::runWorker (72 bytes)
Event: 1196.477 Thread 0x00000133770a7a00 nmethod 8890 0x000001331d804b90 code [0x000001331d804d40, 0x000001331d804f18]
Event: 1196.585 Thread 0x00000133770a7a00 8891       1       java.util.concurrent.ConcurrentLinkedQueue::poll (84 bytes)
Event: 1196.587 Thread 0x00000133770a7a00 nmethod 8891 0x000001331d802c90 code [0x000001331d803000, 0x000001331d8043a8]
Event: 1197.713 Thread 0x00000133770a7a00 8892       1       java.util.concurrent.locks.ReentrantReadWriteLock$NonfairSync::readerShouldBlock (5 bytes)
Event: 1197.713 Thread 0x00000133770a7a00 nmethod 8892 0x000001331d802990 code [0x000001331d802b20, 0x000001331d802c08]
Event: 1197.713 Thread 0x00000133770a7a00 8893       1       java.util.concurrent.locks.AbstractQueuedSynchronizer::apparentlyFirstQueuedIsExclusive (38 bytes)
Event: 1197.713 Thread 0x00000133770a7a00 nmethod 8893 0x000001331d802610 code [0x000001331d8027a0, 0x000001331d8028f8]
Event: 1199.124 Thread 0x00000133770a7a00 8894       1       java.util.Calendar::internalGet (7 bytes)
Event: 1199.124 Thread 0x00000133770a7a00 nmethod 8894 0x000001331d802290 code [0x000001331d802420, 0x000001331d802518]
Event: 1203.663 Thread 0x00000133770a7a00 8895       1       java.lang.Class::searchFields (43 bytes)
Event: 1203.663 Thread 0x00000133770a7a00 nmethod 8895 0x000001331d801e10 code [0x000001331d801fc0, 0x000001331d802148]
Event: 1204.510 Thread 0x00000133770a7a00 8896 % !   1       org.eclipse.jetty.util.thread.QueuedThreadPool$Runner::run @ 27 (337 bytes)
Event: 1204.511 Thread 0x00000133770a7a00 nmethod 8896% 0x000001331d800510 code [0x000001331d800840, 0x000001331d8014e8]

GC Heap History (20 events):
Event: 1192.522 GC heap after
{Heap after GC invocations=52 (full 0):
 garbage-first heap   total 532480K, used 351337K [0x0000000601400000, 0x0000000800000000)
  region size 4096K, 4 young (16384K), 4 survivors (16384K)
 Metaspace       used 58095K, committed 61824K, reserved 1114112K
  class space    used 8454K, committed 9856K, reserved 1048576K
}
Event: 1193.024 GC heap before
{Heap before GC invocations=52 (full 0):
 garbage-first heap   total 532480K, used 437353K [0x0000000601400000, 0x0000000800000000)
  region size 4096K, 25 young (102400K), 4 survivors (16384K)
 Metaspace       used 58095K, committed 61824K, reserved 1114112K
  class space    used 8454K, committed 9856K, reserved 1048576K
}
Event: 1193.035 GC heap after
{Heap after GC invocations=53 (full 0):
 garbage-first heap   total 663552K, used 361976K [0x0000000601400000, 0x0000000800000000)
  region size 4096K, 3 young (12288K), 3 survivors (12288K)
 Metaspace       used 58095K, committed 61824K, reserved 1114112K
  class space    used 8454K, committed 9856K, reserved 1048576K
}
Event: 1193.903 GC heap before
{Heap before GC invocations=53 (full 0):
 garbage-first heap   total 663552K, used 529912K [0x0000000601400000, 0x0000000800000000)
  region size 4096K, 44 young (180224K), 3 survivors (12288K)
 Metaspace       used 58095K, committed 61824K, reserved 1114112K
  class space    used 8454K, committed 9856K, reserved 1048576K
}
Event: 1193.918 GC heap after
{Heap after GC invocations=54 (full 0):
 garbage-first heap   total 663552K, used 384304K [0x0000000601400000, 0x0000000800000000)
  region size 4096K, 6 young (24576K), 6 survivors (24576K)
 Metaspace       used 58095K, committed 61824K, reserved 1114112K
  class space    used 8454K, committed 9856K, reserved 1048576K
}
Event: 1196.398 GC heap before
{Heap before GC invocations=54 (full 0):
 garbage-first heap   total 663552K, used 535856K [0x0000000601400000, 0x0000000800000000)
  region size 4096K, 43 young (176128K), 6 survivors (24576K)
 Metaspace       used 58095K, committed 61824K, reserved 1114112K
  class space    used 8454K, committed 9856K, reserved 1048576K
}
Event: 1196.422 GC heap after
{Heap after GC invocations=55 (full 0):
 garbage-first heap   total 663552K, used 400270K [0x0000000601400000, 0x0000000800000000)
  region size 4096K, 4 young (16384K), 4 survivors (16384K)
 Metaspace       used 58095K, committed 61824K, reserved 1114112K
  class space    used 8454K, committed 9856K, reserved 1048576K
}
Event: 1196.982 GC heap before
{Heap before GC invocations=55 (full 0):
 garbage-first heap   total 663552K, used 539534K [0x0000000601400000, 0x0000000800000000)
  region size 4096K, 39 young (159744K), 4 survivors (16384K)
 Metaspace       used 58095K, committed 61824K, reserved 1114112K
  class space    used 8454K, committed 9856K, reserved 1048576K
}
Event: 1196.998 GC heap after
{Heap after GC invocations=56 (full 0):
 garbage-first heap   total 663552K, used 403645K [0x0000000601400000, 0x0000000800000000)
  region size 4096K, 2 young (8192K), 2 survivors (8192K)
 Metaspace       used 58095K, committed 61824K, reserved 1114112K
  class space    used 8454K, committed 9856K, reserved 1048576K
}
Event: 1197.605 GC heap before
{Heap before GC invocations=56 (full 0):
 garbage-first heap   total 663552K, used 547005K [0x0000000601400000, 0x0000000800000000)
  region size 4096K, 37 young (151552K), 2 survivors (8192K)
 Metaspace       used 58095K, committed 61824K, reserved 1114112K
  class space    used 8454K, committed 9856K, reserved 1048576K
}
Event: 1197.622 GC heap after
{Heap after GC invocations=57 (full 0):
 garbage-first heap   total 663552K, used 417977K [0x0000000601400000, 0x0000000800000000)
  region size 4096K, 5 young (20480K), 5 survivors (20480K)
 Metaspace       used 58095K, committed 61824K, reserved 1114112K
  class space    used 8454K, committed 9856K, reserved 1048576K
}
Event: 1200.916 GC heap before
{Heap before GC invocations=57 (full 0):
 garbage-first heap   total 663552K, used 544953K [0x0000000601400000, 0x0000000800000000)
  region size 4096K, 37 young (151552K), 5 survivors (20480K)
 Metaspace       used 58095K, committed 61824K, reserved 1114112K
  class space    used 8454K, committed 9856K, reserved 1048576K
}
Event: 1201.574 GC heap after
{Heap after GC invocations=58 (full 0):
 garbage-first heap   total 798720K, used 428635K [0x0000000601400000, 0x0000000800000000)
  region size 4096K, 3 young (12288K), 3 survivors (12288K)
 Metaspace       used 58095K, committed 61824K, reserved 1114112K
  class space    used 8454K, committed 9856K, reserved 1048576K
}
Event: 1201.696 GC heap before
{Heap before GC invocations=58 (full 0):
 garbage-first heap   total 798720K, used 453211K [0x0000000601400000, 0x0000000800000000)
  region size 4096K, 9 young (36864K), 3 survivors (12288K)
 Metaspace       used 58095K, committed 61824K, reserved 1114112K
  class space    used 8454K, committed 9856K, reserved 1048576K
}
Event: 1201.702 GC heap after
{Heap after GC invocations=59 (full 0):
 garbage-first heap   total 798720K, used 429325K [0x0000000601400000, 0x0000000800000000)
  region size 4096K, 1 young (4096K), 1 survivors (4096K)
 Metaspace       used 58095K, committed 61824K, reserved 1114112K
  class space    used 8454K, committed 9856K, reserved 1048576K
}
Event: 1201.889 GC heap before
{Heap before GC invocations=59 (full 0):
 garbage-first heap   total 798720K, used 462093K [0x0000000601400000, 0x0000000800000000)
  region size 4096K, 9 young (36864K), 1 survivors (4096K)
 Metaspace       used 58095K, committed 61824K, reserved 1114112K
  class space    used 8454K, committed 9856K, reserved 1048576K
}
Event: 1201.895 GC heap after
{Heap after GC invocations=60 (full 0):
 garbage-first heap   total 798720K, used 428542K [0x0000000601400000, 0x0000000800000000)
  region size 4096K, 1 young (4096K), 1 survivors (4096K)
 Metaspace       used 58095K, committed 61824K, reserved 1114112K
  class space    used 8454K, committed 9856K, reserved 1048576K
}
Event: 1202.106 GC heap before
{Heap before GC invocations=60 (full 0):
 garbage-first heap   total 798720K, used 457214K [0x0000000601400000, 0x0000000800000000)
  region size 4096K, 9 young (36864K), 1 survivors (4096K)
 Metaspace       used 58095K, committed 61824K, reserved 1114112K
  class space    used 8454K, committed 9856K, reserved 1048576K
}
Event: 1202.112 GC heap after
{Heap after GC invocations=61 (full 0):
 garbage-first heap   total 798720K, used 428513K [0x0000000601400000, 0x0000000800000000)
  region size 4096K, 1 young (4096K), 1 survivors (4096K)
 Metaspace       used 58095K, committed 61824K, reserved 1114112K
  class space    used 8454K, committed 9856K, reserved 1048576K
}
Event: 1204.652 GC heap before
{Heap before GC invocations=61 (full 0):
 garbage-first heap   total 798720K, used 670177K [0x0000000601400000, 0x0000000800000000)
  region size 4096K, 61 young (249856K), 1 survivors (4096K)
 Metaspace       used 58105K, committed 61824K, reserved 1114112K
  class space    used 8456K, committed 9856K, reserved 1048576K
}

Deoptimization events (2 events):
Event: 1.873 Thread 0x000001331544e310 DEOPT PACKING pc=0x000001331d315644 sp=0x0000002111ffc7c0
Event: 1.873 Thread 0x000001331544e310 DEOPT UNPACKING pc=0x000001331cd42b43 sp=0x0000002111ffbc70 mode 0

Classes unloaded (20 events):
Event: 1163.020 Thread 0x0000013333203ae0 Unloading class 0x00000133370cc000 'java/lang/invoke/LambdaForm$MH+0x00000133370cc000'
Event: 1163.020 Thread 0x0000013333203ae0 Unloading class 0x00000133370c0800 'jdk/internal/reflect/GeneratedSerializationConstructorAccessor3'
Event: 1163.020 Thread 0x0000013333203ae0 Unloading class 0x00000133370c0400 'jdk/internal/reflect/GeneratedSerializationConstructorAccessor2'
Event: 1163.020 Thread 0x0000013333203ae0 Unloading class 0x00000133370c0000 'jdk/internal/reflect/GeneratedSerializationConstructorAccessor1'
Event: 1163.020 Thread 0x0000013333203ae0 Unloading class 0x0000013337009800 'java/lang/invoke/LambdaForm$DMH+0x0000013337009800'
Event: 1163.020 Thread 0x0000013333203ae0 Unloading class 0x0000013337009000 'java/lang/invoke/LambdaForm$DMH+0x0000013337009000'
Event: 1163.020 Thread 0x0000013333203ae0 Unloading class 0x0000013337008400 'jdk/internal/reflect/GeneratedConstructorAccessor1'
Event: 1163.020 Thread 0x0000013333203ae0 Unloading class 0x0000013337007c00 'java/lang/invoke/LambdaForm$MH+0x0000013337007c00'
Event: 1163.020 Thread 0x0000013333203ae0 Unloading class 0x0000013337007800 'java/lang/invoke/LambdaForm$MH+0x0000013337007800'
Event: 1163.020 Thread 0x0000013333203ae0 Unloading class 0x0000013337007400 'java/lang/invoke/LambdaForm$MH+0x0000013337007400'
Event: 1163.020 Thread 0x0000013333203ae0 Unloading class 0x0000013337007000 'java/lang/invoke/LambdaForm$MH+0x0000013337007000'
Event: 1163.020 Thread 0x0000013333203ae0 Unloading class 0x0000013337006c00 'java/lang/invoke/LambdaForm$MH+0x0000013337006c00'
Event: 1163.020 Thread 0x0000013333203ae0 Unloading class 0x0000013337006800 'java/lang/invoke/LambdaForm$MH+0x0000013337006800'
Event: 1163.020 Thread 0x0000013333203ae0 Unloading class 0x0000013337005800 'java/lang/invoke/LambdaForm$MH+0x0000013337005800'
Event: 1163.020 Thread 0x0000013333203ae0 Unloading class 0x0000013337005400 'java/lang/invoke/LambdaForm$MH+0x0000013337005400'
Event: 1163.020 Thread 0x0000013333203ae0 Unloading class 0x0000013337004c00 'java/lang/invoke/LambdaForm$MH+0x0000013337004c00'
Event: 1163.020 Thread 0x0000013333203ae0 Unloading class 0x0000013337004000 'java/lang/invoke/LambdaForm$MH+0x0000013337004000'
Event: 1163.020 Thread 0x0000013333203ae0 Unloading class 0x0000013337003800 'java/lang/invoke/LambdaForm$MH+0x0000013337003800'
Event: 1163.020 Thread 0x0000013333203ae0 Unloading class 0x0000013337003000 'java/lang/invoke/LambdaForm$MH+0x0000013337003000'
Event: 1163.020 Thread 0x0000013333203ae0 Unloading class 0x0000013337002800 'java/lang/invoke/LambdaForm$MH+0x0000013337002800'

Classes redefined (0 events):
No events

Internal exceptions (20 events):
Event: 1186.649 Thread 0x000001337e9c6290 Exception <a 'java/net/SocketException'{0x0000000611cbc9f8}: Connection reset by peer: shutdown> (0x0000000611cbc9f8) 
thrown [s\open\src\hotspot\share\prims\jni.cpp, line 535]
Event: 1186.649 Thread 0x000001337da017a0 Exception <a 'java/net/SocketException'{0x0000000612215230}: Connection reset by peer: shutdown> (0x0000000612215230) 
thrown [s\open\src\hotspot\share\prims\jni.cpp, line 535]
Event: 1186.649 Thread 0x000001337de2c900 Exception <a 'java/net/SocketException'{0x00000006122127a0}: Connection reset by peer: shutdown> (0x00000006122127a0) 
thrown [s\open\src\hotspot\share\prims\jni.cpp, line 535]
Event: 1186.649 Thread 0x00000133774a0fc0 Exception <a 'java/net/SocketException'{0x00000006122cced8}: Connection reset by peer: shutdown> (0x00000006122cced8) 
thrown [s\open\src\hotspot\share\prims\jni.cpp, line 535]
Event: 1186.649 Thread 0x000001337749fb80 Exception <a 'java/net/SocketException'{0x00000006122d2768}: Connection reset by peer: shutdown> (0x00000006122d2768) 
thrown [s\open\src\hotspot\share\prims\jni.cpp, line 535]
Event: 1186.649 Thread 0x000001337749b4a0 Exception <a 'java/net/SocketException'{0x000000061225a650}: Connection reset by peer: shutdown> (0x000000061225a650) 
thrown [s\open\src\hotspot\share\prims\jni.cpp, line 535]
Event: 1186.649 Thread 0x000001337df2a9b0 Exception <a 'java/net/SocketException'{0x00000006122dd1f8}: Connection reset by peer: shutdown> (0x00000006122dd1f8) 
thrown [s\open\src\hotspot\share\prims\jni.cpp, line 535]
Event: 1186.649 Thread 0x000001337df278d0 Exception <a 'java/net/SocketException'{0x00000006127bf360}: Connection reset by peer: shutdown> (0x00000006127bf360) 
thrown [s\open\src\hotspot\share\prims\jni.cpp, line 535]
Event: 1186.649 Thread 0x000001337d98cac0 Exception <a 'java/net/SocketException'{0x00000006121de270}: Connection reset by peer: shutdown> (0x00000006121de270) 
thrown [s\open\src\hotspot\share\prims\jni.cpp, line 535]
Event: 1186.649 Thread 0x000001337c922860 Exception <a 'java/net/SocketException'{0x0000000612225c88}: Connection reset by peer: shutdown> (0x0000000612225c88) 
thrown [s\open\src\hotspot\share\prims\jni.cpp, line 535]
Event: 1186.649 Thread 0x000001337da0bd20 Exception <a 'java/net/SocketException'{0x0000000612248438}: Connection reset by peer: shutdown> (0x0000000612248438) 
thrown [s\open\src\hotspot\share\prims\jni.cpp, line 535]
Event: 1186.649 Thread 0x000001337e9c8600 Exception <a 'java/net/SocketException'{0x0000000612289e58}: Connection reset by peer: shutdown> (0x0000000612289e58) 
thrown [s\open\src\hotspot\share\prims\jni.cpp, line 535]
Event: 1186.649 Thread 0x000001337c00b130 Exception <a 'java/net/SocketException'{0x00000006121a2d48}: Connection reset by peer: shutdown> (0x00000006121a2d48) 
thrown [s\open\src\hotspot\share\prims\jni.cpp, line 535]
Event: 1186.649 Thread 0x000001337c8e2bc0 Exception <a 'java/net/SocketException'{0x000000061217c0b0}: Connection reset by peer: shutdown> (0x000000061217c0b0) 
thrown [s\open\src\hotspot\share\prims\jni.cpp, line 535]
Event: 1186.649 Thread 0x000001337da12270 Exception <a 'java/net/SocketException'{0x0000000612189f38}: Connection reset by peer: shutdown> (0x0000000612189f38) 
thrown [s\open\src\hotspot\share\prims\jni.cpp, line 535]
Event: 1186.649 Thread 0x000001337d98d9f0 Exception <a 'java/net/SocketException'{0x0000000612274900}: Connection reset by peer: shutdown> (0x0000000612274900) 
thrown [s\open\src\hotspot\share\prims\jni.cpp, line 535]
Event: 1186.649 Thread 0x000001337c920cd0 Exception <a 'java/net/SocketException'{0x00000006121e7e00}: Connection reset by peer: shutdown> (0x00000006121e7e00) 
thrown [s\open\src\hotspot\share\prims\jni.cpp, line 535]
Event: 1186.649 Thread 0x000001337749f160 Exception <a 'java/net/SocketException'{0x0000000612205208}: Connection reset by peer: shutdown> (0x0000000612205208) 
thrown [s\open\src\hotspot\share\prims\jni.cpp, line 535]
Event: 1186.649 Thread 0x000001337df24120 Exception <a 'java/net/SocketException'{0x000000061220a6b0}: Connection reset by peer: shutdown> (0x000000061220a6b0) 
thrown [s\open\src\hotspot\share\prims\jni.cpp, line 535]
Event: 1203.664 Thread 0x000001337c95e530 Exception <a 'java/lang/NoSuchMethodError'{0x0000000623bc17f0}: static [B.<clinit>()V> (0x0000000623bc17f0) 
thrown [s\open\src\hotspot\share\prims\jni.cpp, line 1112]

VM Operations (20 events):
Event: 1193.035 Executing VM operation: G1CollectForAllocation done
Event: 1193.903 Executing VM operation: G1CollectForAllocation
Event: 1193.921 Executing VM operation: G1CollectForAllocation done
Event: 1196.398 Executing VM operation: G1CollectForAllocation
Event: 1196.422 Executing VM operation: G1CollectForAllocation done
Event: 1196.982 Executing VM operation: G1CollectForAllocation
Event: 1196.998 Executing VM operation: G1CollectForAllocation done
Event: 1197.605 Executing VM operation: G1CollectForAllocation
Event: 1197.624 Executing VM operation: G1CollectForAllocation done
Event: 1200.916 Executing VM operation: G1CollectForAllocation
Event: 1201.579 Executing VM operation: G1CollectForAllocation done
Event: 1201.696 Executing VM operation: G1CollectForAllocation
Event: 1201.702 Executing VM operation: G1CollectForAllocation done
Event: 1201.889 Executing VM operation: G1CollectForAllocation
Event: 1201.903 Executing VM operation: G1CollectForAllocation done
Event: 1202.105 Executing VM operation: G1CollectForAllocation
Event: 1202.113 Executing VM operation: G1CollectForAllocation done
Event: 1202.638 Executing VM operation: HandshakeAllThreads
Event: 1202.638 Executing VM operation: HandshakeAllThreads done
Event: 1204.652 Executing VM operation: G1CollectForAllocation

Events (20 events):
Event: 1159.144 Thread 0x000001337713adf0 Thread added: 0x000001337713adf0
Event: 1159.144 Thread 0x00000133779caf60 Thread added: 0x00000133779caf60
Event: 1159.144 Thread 0x000001337e6b06a0 Thread added: 0x000001337e6b06a0
Event: 1159.144 Thread 0x000001337e6b0bb0 Thread added: 0x000001337e6b0bb0
Event: 1159.145 Thread 0x000001337c770080 Thread added: 0x000001337c770080
Event: 1159.145 Thread 0x000001337c76db50 Thread added: 0x000001337c76db50
Event: 1159.145 Thread 0x000001337c97bad0 Thread added: 0x000001337c97bad0
Event: 1159.145 Thread 0x000001337db14810 Thread added: 0x000001337db14810
Event: 1159.145 Thread 0x000001337e6b1ae0 Thread added: 0x000001337e6b1ae0
Event: 1160.450 Thread 0x000001337c76db50 Thread exited: 0x000001337c76db50
Event: 1164.435 Thread 0x000001337c770080 Thread exited: 0x000001337c770080
Event: 1167.949 Thread 0x000001337749cdf0 Thread added: 0x000001337749cdf0
Event: 1181.278 Thread 0x000001337db11570 Thread added: 0x000001337db11570
Event: 1181.349 Thread 0x000001337db11a80 Thread added: 0x000001337db11a80
Event: 1181.349 Thread 0x000001337c97ca00 Thread added: 0x000001337c97ca00
Event: 1181.349 Thread 0x000001337c922350 Thread added: 0x000001337c922350
Event: 1181.349 Thread 0x000001337e9c67a0 Thread added: 0x000001337e9c67a0
Event: 1181.349 Thread 0x000001337c9246c0 Thread added: 0x000001337c9246c0
Event: 1181.349 Thread 0x000001337c9241b0 Thread added: 0x000001337c9241b0
Event: 1181.349 Thread 0x000001337e6ac0a0 Thread added: 0x000001337e6ac0a0


Dynamic libraries:
0x00007ff7330b0000 - 0x00007ff7330c0000 	D:\JDK17_HOME\bin\java.exe
0x00007fffdfaa0000 - 0x00007fffdfd08000 	C:\WINDOWS\SYSTEM32\ntdll.dll
0x00007fffdde50000 - 0x00007fffddf19000 	C:\WINDOWS\System32\KERNEL32.DLL
0x00007fffdd330000 - 0x00007fffdd71a000 	C:\WINDOWS\System32\KERNELBASE.dll
0x00007fffdd1e0000 - 0x00007fffdd32b000 	C:\WINDOWS\System32\ucrtbase.dll
0x00007fffd7b90000 - 0x00007fffd7ba9000 	D:\JDK17_HOME\bin\jli.dll
0x00007fffd7a60000 - 0x00007fffd7a7b000 	D:\JDK17_HOME\bin\VCRUNTIME140.dll
0x00007fffdf880000 - 0x00007fffdf934000 	C:\WINDOWS\System32\ADVAPI32.dll
0x00007fffddda0000 - 0x00007fffdde49000 	C:\WINDOWS\System32\msvcrt.dll
0x00007fffddf50000 - 0x00007fffddff6000 	C:\WINDOWS\System32\sechost.dll
0x00007fffdf940000 - 0x00007fffdfa58000 	C:\WINDOWS\System32\RPCRT4.dll
0x00007fffdeef0000 - 0x00007fffdf0b5000 	C:\WINDOWS\System32\USER32.dll
0x00007fffdd0f0000 - 0x00007fffdd117000 	C:\WINDOWS\System32\win32u.dll
0x00007fffc8e80000 - 0x00007fffc9113000 	C:\WINDOWS\WinSxS\amd64_microsoft.windows.common-controls_6595b64144ccf1df_6.0.26100.4741_none_3e0ab010e3324267\COMCTL32.dll
0x00007fffddf20000 - 0x00007fffddf4b000 	C:\WINDOWS\System32\GDI32.dll
0x00007fffdcfc0000 - 0x00007fffdd0ed000 	C:\WINDOWS\System32\gdi32full.dll
0x00007fffdd7c0000 - 0x00007fffdd863000 	C:\WINDOWS\System32\msvcp_win.dll
0x00007fffd5c80000 - 0x00007fffd5c8b000 	C:\WINDOWS\SYSTEM32\VERSION.dll
0x00007fffde800000 - 0x00007fffde82f000 	C:\WINDOWS\System32\IMM32.DLL
0x00007fffd7ca0000 - 0x00007fffd7cac000 	D:\JDK17_HOME\bin\vcruntime140_1.dll
0x00007fffba6b0000 - 0x00007fffba73e000 	D:\JDK17_HOME\bin\msvcp140.dll
0x00007fff567f0000 - 0x00007fff573d0000 	D:\JDK17_HOME\bin\server\jvm.dll
0x00007fffdd870000 - 0x00007fffdd878000 	C:\WINDOWS\System32\PSAPI.DLL
0x00007fffd03b0000 - 0x00007fffd03ba000 	C:\WINDOWS\SYSTEM32\WSOCK32.dll
0x00007fffd0fb0000 - 0x00007fffd0fe5000 	C:\WINDOWS\SYSTEM32\WINMM.dll
0x00007fffddb50000 - 0x00007fffddbc4000 	C:\WINDOWS\System32\WS2_32.dll
0x00007fffdb9f0000 - 0x00007fffdba0b000 	C:\WINDOWS\SYSTEM32\kernel.appcore.dll
0x00007fffd6ba0000 - 0x00007fffd6baa000 	D:\JDK17_HOME\bin\jimage.dll
0x00007fffda240000 - 0x00007fffda482000 	C:\WINDOWS\SYSTEM32\DBGHELP.DLL
0x00007fffde850000 - 0x00007fffdebce000 	C:\WINDOWS\System32\combase.dll
0x00007fffdf7a0000 - 0x00007fffdf878000 	C:\WINDOWS\System32\OLEAUT32.dll
0x00007fffc7100000 - 0x00007fffc713c000 	C:\WINDOWS\SYSTEM32\dbgcore.DLL
0x00007fffdd720000 - 0x00007fffdd7b9000 	C:\WINDOWS\System32\bcryptPrimitives.dll
0x00007fffd6b90000 - 0x00007fffd6b9e000 	D:\JDK17_HOME\bin\instrument.dll
0x00007fffd62a0000 - 0x00007fffd62c5000 	D:\JDK17_HOME\bin\java.dll
0x00007fff9ae10000 - 0x00007fff9aee7000 	D:\JDK17_HOME\bin\jsvml.dll
0x00007fffde000000 - 0x00007fffde746000 	C:\WINDOWS\System32\SHELL32.dll
0x00007fffdcdc0000 - 0x00007fffdcf2c000 	C:\WINDOWS\System32\wintypes.dll
0x00007fffda880000 - 0x00007fffdb0da000 	C:\WINDOWS\SYSTEM32\windows.storage.dll
0x00007fffddc50000 - 0x00007fffddd3f000 	C:\WINDOWS\System32\SHCORE.dll
0x00007fffddbd0000 - 0x00007fffddc33000 	C:\WINDOWS\System32\shlwapi.dll
0x00007fffdcb60000 - 0x00007fffdcb88000 	C:\WINDOWS\SYSTEM32\profapi.dll
0x00007fffd03e0000 - 0x00007fffd03f8000 	D:\JDK17_HOME\bin\zip.dll
0x00007fffd5cb0000 - 0x00007fffd5cc9000 	D:\JDK17_HOME\bin\net.dll
0x00007fffd44c0000 - 0x00007fffd45de000 	C:\WINDOWS\SYSTEM32\WINHTTP.dll
0x00007fffdbf80000 - 0x00007fffdbfeb000 	C:\WINDOWS\system32\mswsock.dll
0x00007fffd07f0000 - 0x00007fffd0806000 	D:\JDK17_HOME\bin\nio.dll
0x00007fffdb4d0000 - 0x00007fffdb5f6000 	C:\WINDOWS\SYSTEM32\DNSAPI.dll
0x00007fffdb430000 - 0x00007fffdb464000 	C:\WINDOWS\SYSTEM32\IPHLPAPI.DLL
0x00007fffde840000 - 0x00007fffde84a000 	C:\WINDOWS\System32\NSI.dll
0x00007fffcf420000 - 0x00007fffcf42b000 	C:\Windows\System32\rasadhlp.dll
0x00007fffd0f20000 - 0x00007fffd0fa6000 	C:\WINDOWS\System32\fwpuclnt.dll
0x00007fffd03d0000 - 0x00007fffd03da000 	D:\JDK17_HOME\bin\management.dll
0x00007fffcf410000 - 0x00007fffcf41b000 	D:\JDK17_HOME\bin\management_ext.dll
0x00007fffdc240000 - 0x00007fffdc25b000 	C:\WINDOWS\SYSTEM32\CRYPTSP.dll
0x00007fffdb950000 - 0x00007fffdb98b000 	C:\WINDOWS\system32\rsaenh.dll
0x00007fffdc020000 - 0x00007fffdc04b000 	C:\WINDOWS\SYSTEM32\USERENV.dll
0x00007fffdcb30000 - 0x00007fffdcb56000 	C:\WINDOWS\SYSTEM32\bcrypt.dll
0x00007fffdc260000 - 0x00007fffdc26c000 	C:\WINDOWS\SYSTEM32\CRYPTBASE.dll
0x00007fffd4dd0000 - 0x00007fffd4def000 	C:\WINDOWS\SYSTEM32\dhcpcsvc6.DLL
0x00007fffd47b0000 - 0x00007fffd47d5000 	C:\WINDOWS\SYSTEM32\dhcpcsvc.DLL
0x00007fffbc6b0000 - 0x00007fffbc6c8000 	C:\WINDOWS\system32\napinsp.dll
0x00007fffbbff0000 - 0x00007fffbc002000 	C:\WINDOWS\System32\winrnr.dll
0x00007fffbbf80000 - 0x00007fffbbfa8000 	C:\WINDOWS\system32\nlansp_c.dll
0x00007fffd4130000 - 0x00007fffd4150000 	C:\WINDOWS\system32\wshbth.dll
0x00007fffc8c90000 - 0x00007fffc8ce6000 	C:\WINDOWS\SYSTEM32\pdh.dll
0x00007fffba000000 - 0x00007fffba012000 	C:\WINDOWS\System32\perfproc.dll
0x00007fffd07e0000 - 0x00007fffd07ee000 	D:\JDK17_HOME\bin\sunmscapi.dll
0x00007fffdcc40000 - 0x00007fffdcdb7000 	C:\WINDOWS\System32\CRYPT32.dll
0x00007fffdc460000 - 0x00007fffdc490000 	C:\WINDOWS\SYSTEM32\ncrypt.dll
0x00007fffdc410000 - 0x00007fffdc44f000 	C:\WINDOWS\SYSTEM32\NTASN1.dll
0x00007fff5a380000 - 0x00007fff5a388000 	C:\WINDOWS\system32\wshunix.dll

dbghelp: loaded successfully - version: 4.0.5 - missing functions: none
symbol engine: initialized successfully - sym options: 0x614 - pdb path: .;D:\JDK17_HOME\bin;C:\WINDOWS\SYSTEM32;C:\WINDOWS\WinSxS\amd64_microsoft.windows.common-controls_6595b64144ccf1df_6.0.26100.4741_none_3e0ab010e3324267;D:\JDK17_HOME\bin\server

VM Arguments:
jvm_args: -XX:TieredStopAtLevel=1 -Dspring.output.ansi.enabled=always -Dcom.sun.management.jmxremote -Dspring.jmx.enabled=true -Dspring.liveBeansView.mbeanDomain -Dspring.application.admin.enabled=true -Dmanagement.endpoints.jmx.exposure.include=* -javaagent:D:\Software\idea\IntelliJ IDEA 2024.2.6\lib\idea_rt.jar=56593 -Dfile.encoding=UTF-8 
java_command: com.robod.flowchat.FlowChatApplication
java_class_path (initial): E:\SpringProject\flow-chat\target\classes;D:\Software\apache-maven-3.9.9-bin\apache-maven-3.9.9\mvn_repo\com\github\ben-manes\caffeine\caffeine\3.1.8\caffeine-3.1.8.jar;D:\Software\apache-maven-3.9.9-bin\apache-maven-3.9.9\mvn_repo\org\checkerframework\checker-qual\3.37.0\checker-qual-3.37.0.jar;D:\Software\apache-maven-3.9.9-bin\apache-maven-3.9.9\mvn_repo\com\google\errorprone\error_prone_annotations\2.21.1\error_prone_annotations-2.21.1.jar;D:\Software\apache-maven-3.9.9-bin\apache-maven-3.9.9\mvn_repo\com\baomidou\mybatis-plus-spring-boot3-starter\3.5.12\mybatis-plus-spring-boot3-starter-3.5.12.jar;D:\Software\apache-maven-3.9.9-bin\apache-maven-3.9.9\mvn_repo\com\baomidou\mybatis-plus\3.5.12\mybatis-plus-3.5.12.jar;D:\Software\apache-maven-3.9.9-bin\apache-maven-3.9.9\mvn_repo\com\baomidou\mybatis-plus-core\3.5.12\mybatis-plus-core-3.5.12.jar;D:\Software\apache-maven-3.9.9-bin\apache-maven-3.9.9\mvn_repo\com\baomidou\mybatis-plus-annotation\3.5.12\mybatis-plus-annotation-3.5.12.jar;D:\Software\apache-maven-3.9.9-bin\apache-maven-3.9.9\mvn_repo\com\baomidou\mybatis-plus-spring\3.5.12\mybatis-plus-spring-3.5.12.jar;D:\Software\apache-maven-3.9.9-bin\apache-maven-3.9.9\mvn_repo\com\baomidou\mybatis-plus-extension\3.5.12\mybatis-plus-extension-3.5.12.jar;D:\Software\apache-maven-3.9.9-bin\apache-maven-3.9.9\mvn_repo\org\mybatis\mybatis\3.5.19\mybatis-3.5.19.jar;D:\Software\apache-maven-3.9.9-bin\apache-maven-3.9.9\mvn_repo\org\mybatis\mybatis-spring\3.0.4\mybatis-spring-3.0.4.jar;D:\Software\apache-maven-3.9.9-bin\apache-maven-3.9.9\mvn_repo\com\baomidou\mybatis-plus-spring-boot-autoconfigure\3.5.12\mybatis-plus-spring-boot-autoconfigure-3.5.12.jar;D:\Software\apache-maven-3.9.9-bin\apache-maven-3.9.9\mvn_repo\org\springframework\boot\spring-boot-autoconfigure\3.4.7\spring-boot-autoconfigure-3.4.7.jar;D:\Software\apache-maven-3.9.9-bin\apache-maven-3.9.9\mvn_repo\org\springframework\boot\spring-boot\3.4.7\spring-boot-3.4.7.jar;D:\Softwa
Launcher Type: SUN_STANDARD

[Global flags]
     intx CICompilerCount                          = 4                                         {product} {ergonomic}
     uint ConcGCThreads                            = 3                                         {product} {ergonomic}
     uint G1ConcRefinementThreads                  = 10                                        {product} {ergonomic}
   size_t G1HeapRegionSize                         = 4194304                                   {product} {ergonomic}
    uintx GCDrainStackTargetSize                   = 64                                        {product} {ergonomic}
   size_t InitialHeapSize                          = 536870912                                 {product} {ergonomic}
     bool ManagementServer                         = true                                      {product} {command line}
   size_t MarkStackSize                            = 4194304                                   {product} {ergonomic}
   size_t MaxHeapSize                              = 8568963072                                {product} {ergonomic}
   size_t MaxNewSize                               = 5138022400                                {product} {ergonomic}
   size_t MinHeapDeltaBytes                        = 4194304                                   {product} {ergonomic}
   size_t MinHeapSize                              = 8388608                                   {product} {ergonomic}
    uintx NonProfiledCodeHeapSize                  = 0                                      {pd product} {ergonomic}
     bool ProfileInterpreter                       = false                                  {pd product} {command line}
    uintx ProfiledCodeHeapSize                     = 0                                      {pd product} {ergonomic}
   size_t SoftMaxHeapSize                          = 8568963072                             {manageable} {ergonomic}
     intx TieredStopAtLevel                        = 1                                         {product} {command line}
     bool UseCompressedClassPointers               = true                           {product lp64_product} {ergonomic}
     bool UseCompressedOops                        = true                           {product lp64_product} {ergonomic}
     bool UseG1GC                                  = true                                      {product} {ergonomic}
     bool UseLargePagesIndividualAllocation        = false                                  {pd product} {ergonomic}

Logging:
Log output configuration:
 #0: stdout all=warning uptime,level,tags
 #1: stderr all=off uptime,level,tags

Environment Variables:
JAVA_HOME=D:\JDK17_HOME
PATH=C:\Program Files (x86)\Common Files\Oracle\Java\javapath;C:\Program Files\Common Files\Oracle\Java\javapath;C:\Program Files\NVIDIA GPU Computing Toolkit\CUDA\v11.7\bin;C:\Program Files\NVIDIA GPU Computing Toolkit\CUDA\v11.7\libnvvp;D:\Software\vmware\bin\;D:\zh的应用程序\python\Scripts\;D:\zh的应用程序\python\;C:\Python39\Scripts\;C:\Python39\;C:\Windows\system32;C:\Windows;C:\Windows\System32\Wbem;C:\Windows\System32\WindowsPowerShell\v1.0\;C:\Windows\System32\OpenSSH\;C:\Program Files (x86)\NVIDIA Corporation\PhysX\Common;C:\Program Files\NVIDIA Corporation\NVIDIA NvDLISR;ogramData\chocolatey\bin;C:\Program Files\MySQL\MySQL Server 8.0\bin;D:\Software\mongodb\bin;D:\zh的应用程序\Git\Git\mingw64\bin;D:\zh的应用程序\Git\Git\mingw64\libexec\git-core;%CMDER_ROOT%;D:\Software\nvm;D:\Software\nodeVersion;C:\WINDOWS\system32;C:\WINDOWS;C:\WINDOWS\System32\Wbem;C:\WINDOWS\System32\WindowsPowerShell\v1.0\;C:\WINDOWS\System32\OpenSSH\;D:\zh的应用程序\微信开发者工具\微信web开发者工具\dll;C:\Program Files\Microsoft Visual Studio\2022\Community\VC\Tools\MSVC\14.32.31326\bin\Hostx64\x64;C:\Program Files\NVIDIA Corporation\Nsight Compute 2022.2.0\;D:\Software\Anaconda;D:\Software\Anaconda\Scripts;%SystemRoot%\system32;%SystemRoot%;%SystemRoot%\System32\Wbem;%SYSTEMROOT%\System32\WindowsPowerShell\v1.0\;%SYSTEMROOT%\System32\OpenSSH\;%ANDROID_HOME%\platform-tools;%ANDROID_HOME%\tools;%JAVA_HOME%\bin;D:\Software\apache-maven-3.8.6;D:\Software\apache-maven-3.8.6\bin;D:\Software\lua;D:\vivio办公套件\pcsuite\;C:\Users\34269\AppData\Local\Microsoft\WindowsApps;D:\zh的应用程序\pycharm\pycharm\bin;;C:\Users\34269\AppData\Roaming\npm;D:\Software\vocode\bin;C:\Users\34269\AppData\Local\GitHubDesktop\bin;%CMDER_ROOT%;D:\Software\cmder\vendor\git-for-windows\usr\bin;D:\Software\7zip\7-Zip;D:\Software\nvm;D:\Software\nodeVersion;D:\metasploit-framework\bin;D:\Software\nvm\v14.0.0;D:\Software\idea\IntelliJ IDEA 2024.2.6\bin;;D:\Software\mingw-w64\winlibs-x86_64-posix-seh-gcc-12.2.0-llvm-1
USERNAME=34269
OS=Windows_NT
PROCESSOR_IDENTIFIER=Intel64 Family 6 Model 165 Stepping 2, GenuineIntel



---------------  S Y S T E M  ---------------

OS:
 Windows 11 , 64 bit Build 26100 (10.0.26100.4741)
OS uptime: 4 days 6:07 hours
Hyper-V role detected

CPU: total 12 (initial active 12) (6 cores per cpu, 2 threads per core) family 6 model 165 stepping 2 microcode 0xe2, cx8, cmov, fxsr, ht, mmx, 3dnowpref, sse, sse2, sse3, ssse3, sse4.1, sse4.2, popcnt, lzcnt, tsc, tscinvbit, avx, avx2, aes, erms, clmul, bmi1, bmi2, adx, fma, vzeroupper, clflush, clflushopt, hv

Memory: 4k page, system-wide physical 32675M (8297M free)
TotalPageFile size 32675M (AvailPageFile size 11M)
current process WorkingSet (physical memory assigned to process): 980M, peak: 980M
current process commit charge ("private bytes"): 1048M, peak: 1600M

vm_info: Java HotSpot(TM) 64-Bit Server VM (17.0.12+8-LTS-286) for windows-amd64 JRE (17.0.12+8-LTS-286), built on Jun  5 2024 06:46:59 by "mach5one" with MS VC++ 17.6 (VS2022)

END.
